prediction,sample
left_hand,4159
left_hand,4223
left_hand,4287
left_hand,4351
left_hand,4415
left_hand,4479
,4543
,4607
,4671
,4735
,4799
,4863
,4927
,4991
,5055
,5119
,5183
,5247
,5311
,5375
,5439
,5503
,5567
,5631
,5695
,5759
,5823
,5887
,5951
,6015
,6079
,6143
,6207
,6271
,6335
,6399
,6463
,6527
,6591
,6655
,6719
,6783
,6847
,6911
,6975
,7039
,7103
,7167
,7231
,7295
,7359
left_hand,7423
left_hand,7487
left_hand,7551
left_hand,7615
left_hand,7679
left_hand,7743
left_hand,7807
left_hand,7871
left_hand,7935
left_hand,7999
left_hand,8063
left_hand,8127
left_hand,8191
,8255
,8319
left_hand,8383
left_hand,8447
,8511
,8575
,8639
,8703
,8767
,8831
,8895
,8959
,9023
left_hand,9087
left_hand,9151
left_hand,9215
left_hand,9279
,9343
,9407
,9471
,9535
left_hand,9599
left_hand,9663
left_hand,9727
left_hand,9791
left_hand,9855
left_hand,9919
left_hand,9983
,10047
,10111
,10175
,10239
left_hand,10303
left_hand,10367
left_hand,10431
left_hand,10495
left_hand,10559
left_hand,10623
left_hand,10687
left_hand,10751
left_hand,10815
left_hand,10879
left_hand,10943
left_hand,11007
left_hand,11071
left_hand,11135
left_hand,11199
left_hand,11263
left_hand,11327
left_hand,11391
left_hand,11455
left_hand,11519
left_hand,11583
left_hand,11647
,11711
,11775
,11839
,11903
,11967
,12031
,12095
,12159
,12223
,12287
,12351
,12415
,12479
,12543
right_hand,12607
right_hand,12671
,12735
,12799
right_hand,12863
,12927
,12991
right_hand,13055
right_hand,13119
right_hand,13183
right_hand,13247
right_hand,13311
right_hand,13375
right_hand,13439
,13503
,13567
right_hand,13631
right_hand,13695
,13759
,13823
,13887
,13951
,14015
,14079
,14143
left_hand,14207
left_hand,14271
left_hand,14335
left_hand,14399
left_hand,14463
left_hand,14527
left_hand,14591
left_hand,14655
left_hand,14719
left_hand,14783
left_hand,14847
left_hand,14911
,14975
,15039
,15103
,15167
,15231
right_hand,15295
right_hand,15359
right_hand,15423
right_hand,15487
right_hand,15551
right_hand,15615
,15679
,15743
,15807
,15871
,15935
,15999
,16063
,16127
,16191
,16255
,16319
,16383
,16447
,16511
,16575
,16639
,16703
,16767
,16831
,16895
,16959
,17023
,17087
,17151
,17215
,17279
,17343
,17407
,17471
,17535
,17599
,17663
,17727
,17791
,17855
,17919
,17983
,18047
,18111
,18175
,18239
,18303
left_hand,18367
left_hand,18431
left_hand,18495
left_hand,18559
left_hand,18623
left_hand,18687
left_hand,18751
left_hand,18815
left_hand,18879
left_hand,18943
left_hand,19007
left_hand,19071
left_hand,19135
left_hand,19199
left_hand,19263
left_hand,19327
left_hand,19391
,19455
,19519
,19583
,19647
,19711
left_hand,19775
left_hand,19839
left_hand,19903
left_hand,19967
left_hand,20031
left_hand,20095
left_hand,20159
left_hand,20223
left_hand,20287
left_hand,20351
left_hand,20415
,20479
,20543
,20607
,20671
,20735
,20799
,20863
,20927
,20991
,21055
right_hand,21119
right_hand,21183
right_hand,21247
,21311
,21375
,21439
,21503
,21567
,21631
,21695
,21759
,21823
,21887
,21951
left_hand,22015
left_hand,22079
left_hand,22143
left_hand,22207
left_hand,22271
left_hand,22335
left_hand,22399
,22463
left_hand,22527
left_hand,22591
left_hand,22655
left_hand,22719
left_hand,22783
left_hand,22847
left_hand,22911
left_hand,22975
left_hand,23039
left_hand,23103
left_hand,23167
left_hand,23231
left_hand,23295
left_hand,23359
left_hand,23423
left_hand,23487
left_hand,23551
left_hand,23615
left_hand,23679
left_hand,23743
left_hand,23807
left_hand,23871
left_hand,23935
left_hand,23999
left_hand,24063
left_hand,24127
left_hand,24191
left_hand,24255
left_hand,24319
left_hand,24383
left_hand,24447
left_hand,24511
left_hand,24575
left_hand,24639
left_hand,24703
left_hand,24767
left_hand,24831
,24895
,24959
,25023
,25087
,25151
left_hand,25215
left_hand,25279
left_hand,25343
left_hand,25407
left_hand,25471
left_hand,25535
left_hand,25599
left_hand,25663
left_hand,25727
left_hand,25791
left_hand,25855
left_hand,25919
left_hand,25983
left_hand,26047
left_hand,26111
left_hand,26175
left_hand,26239
left_hand,26303
left_hand,26367
left_hand,26431
left_hand,26495
left_hand,26559
left_hand,26623
left_hand,26687
left_hand,26751
left_hand,26815
left_hand,26879
left_hand,26943
left_hand,27007
left_hand,27071
left_hand,27135
left_hand,27199
left_hand,27263
left_hand,27327
left_hand,27391
left_hand,27455
left_hand,27519
left_hand,27583
,27647
,27711
,27775
,27839
,27903
,27967
right_hand,28031
right_hand,28095
right_hand,28159
right_hand,28223
right_hand,28287
right_hand,28351
right_hand,28415
right_hand,28479
right_hand,28543
right_hand,28607
,28671
,28735
,28799
,28863
,28927
,28991
,29055
,29119
,29183
,29247
,29311
,29375
,29439
,29503
,29567
,29631
,29695
,29759
,29823
left_hand,29887
left_hand,29951
left_hand,30015
left_hand,30079
left_hand,30143
left_hand,30207
left_hand,30271
left_hand,30335
left_hand,30399
left_hand,30463
left_hand,30527
left_hand,30591
,30655
left_hand,30719
left_hand,30783
,30847
,30911
,30975
,31039
,31103
,31167
left_hand,31231
left_hand,31295
left_hand,31359
left_hand,31423
left_hand,31487
left_hand,31551
left_hand,31615
left_hand,31679
left_hand,31743
left_hand,31807
left_hand,31871
left_hand,31935
left_hand,31999
left_hand,32063
left_hand,32127
left_hand,32191
left_hand,32255
left_hand,32319
left_hand,32383
left_hand,32447
left_hand,32511
left_hand,32575
left_hand,32639
left_hand,32703
left_hand,32767
left_hand,32831
left_hand,32895
left_hand,32959
left_hand,33023
left_hand,33087
left_hand,33151
left_hand,33215
left_hand,33279
left_hand,33343
left_hand,33407
left_hand,33471
left_hand,33535
left_hand,33599
left_hand,33663
left_hand,33727
left_hand,33791
left_hand,33855
left_hand,33919
left_hand,33983
left_hand,34047
left_hand,34111
left_hand,34175
left_hand,34239
left_hand,34303
left_hand,34367
left_hand,34431
left_hand,34495
left_hand,34559
left_hand,34623
left_hand,34687
left_hand,34751
left_hand,34815
left_hand,34879
left_hand,34943
left_hand,35007
,35071
,35135
,35199
right_hand,35263
right_hand,35327
right_hand,35391
right_hand,35455
right_hand,35519
right_hand,35583
right_hand,35647
right_hand,35711
right_hand,35775
right_hand,35839
right_hand,35903
right_hand,35967
right_hand,36031
,36095
,36159
,36223
,36287
,36351
,36415
,36479
,36543
,36607
left_hand,36671
left_hand,36735
left_hand,36799
left_hand,36863
left_hand,36927
,36991
,37055
left_hand,37119
left_hand,37183
left_hand,37247
left_hand,37311
,37375
,37439
,37503
,37567
,37631
right_hand,37695
right_hand,37759
right_hand,37823
right_hand,37887
,37951
right_hand,38015
right_hand,38079
,38143
,38207
,38271
,38335
,38399
right_hand,38463
,38527
,38591
,38655
,38719
,38783
,38847
,38911
,38975
,39039
,39103
,39167
,39231
,39295
,39359
,39423
,39487
,39551
,39615
,39679
,39743
,39807
,39871
,39935
,39999
,40063
,40127
,40191
,40255
left_hand,40319
left_hand,40383
left_hand,40447
left_hand,40511
,40575
,40639
,40703
,40767
,40831
,40895
right_hand,40959
right_hand,41023
right_hand,41087
right_hand,41151
right_hand,41215
right_hand,41279
right_hand,41343
right_hand,41407
right_hand,41471
right_hand,41535
right_hand,41599
right_hand,41663
right_hand,41727
right_hand,41791
,41855
,41919
,41983
,42047
,42111
,42175
,42239
,42303
,42367
,42431
,42495
,42559
,42623
,42687
,42751
,42815
,42879
,42943
,43007
,43071
,43135
,43199
left_hand,43263
left_hand,43327
,43391
,43455
right_hand,43519
right_hand,43583
right_hand,43647
right_hand,43711
right_hand,43775
right_hand,43839
right_hand,43903
right_hand,43967
right_hand,44031
right_hand,44095
right_hand,44159
right_hand,44223
right_hand,44287
right_hand,44351
right_hand,44415
right_hand,44479
right_hand,44543
right_hand,44607
right_hand,44671
right_hand,44735
,44799
,44863
,44927
,44991
,45055
,45119
,45183
,45247
,45311
right_hand,45375
right_hand,45439
right_hand,45503
right_hand,45567
right_hand,45631
right_hand,45695
right_hand,45759
right_hand,45823
right_hand,45887
right_hand,45951
right_hand,46015
right_hand,46079
right_hand,46143
right_hand,46207
right_hand,46271
right_hand,46335
right_hand,46399
,46463
,46527
left_hand,46591
left_hand,46655
left_hand,46719
left_hand,46783
left_hand,46847
left_hand,46911
left_hand,46975
left_hand,47039
left_hand,47103
left_hand,47167
left_hand,47231
left_hand,47295
left_hand,47359
left_hand,47423
left_hand,47487
left_hand,47551
left_hand,47615
left_hand,47679
left_hand,47743
left_hand,47807
left_hand,47871
left_hand,47935
left_hand,47999
left_hand,48063
,48127
,48191
,48255
left_hand,48319
left_hand,48383
left_hand,48447
left_hand,48511
left_hand,48575
left_hand,48639
,48703
,48767
,48831
,48895
,48959
,49023
,49087
,49151
,49215
right_hand,49279
right_hand,49343
right_hand,49407
right_hand,49471
right_hand,49535
right_hand,49599
right_hand,49663
right_hand,49727
right_hand,49791
right_hand,49855
right_hand,49919
right_hand,49983
right_hand,50047
right_hand,50111
right_hand,50175
right_hand,50239
right_hand,50303
right_hand,50367
,50431
,50495
,50559
,50623
left_hand,50687
left_hand,50751
left_hand,50815
left_hand,50879
left_hand,50943
left_hand,51007
left_hand,51071
left_hand,51135
,51199
,51263
,51327
,51391
,51455
,51519
,51583
,51647
right_hand,51711
right_hand,51775
right_hand,51839
,51903
,51967
,52031
,52095
,52159
,52223
,52287
,52351
,52415
,52479
,52543
,52607
,52671
,52735
,52799
,52863
,52927
left_hand,52991
left_hand,53055
left_hand,53119
left_hand,53183
left_hand,53247
left_hand,53311
left_hand,53375
left_hand,53439
left_hand,53503
left_hand,53567
left_hand,53631
left_hand,53695
left_hand,53759
left_hand,53823
left_hand,53887
left_hand,53951
left_hand,54015
left_hand,54079
left_hand,54143
left_hand,54207
left_hand,54271
left_hand,54335
left_hand,54399
left_hand,54463
left_hand,54527
left_hand,54591
left_hand,54655
left_hand,54719
left_hand,54783
left_hand,54847
left_hand,54911
left_hand,54975
left_hand,55039
left_hand,55103
left_hand,55167
left_hand,55231
left_hand,55295
left_hand,55359
left_hand,55423
left_hand,55487
left_hand,55551
,55615
,55679
,55743
,55807
right_hand,55871
right_hand,55935
right_hand,55999
right_hand,56063
right_hand,56127
right_hand,56191
right_hand,56255
right_hand,56319
right_hand,56383
right_hand,56447
right_hand,56511
right_hand,56575
right_hand,56639
right_hand,56703
right_hand,56767
right_hand,56831
right_hand,56895
right_hand,56959
right_hand,57023
right_hand,57087
right_hand,57151
right_hand,57215
right_hand,57279
right_hand,57343
right_hand,57407
right_hand,57471
right_hand,57535
right_hand,57599
right_hand,57663
right_hand,57727
right_hand,57791
right_hand,57855
right_hand,57919
right_hand,57983
right_hand,58047
right_hand,58111
right_hand,58175
right_hand,58239
right_hand,58303
right_hand,58367
right_hand,58431
right_hand,58495
right_hand,58559
,58623
,58687
,58751
,58815
,58879
,58943
,59007
,59071
,59135
,59199
,59263
,59327
,59391
right_hand,59455
right_hand,59519
right_hand,59583
right_hand,59647
right_hand,59711
right_hand,59775
right_hand,59839
right_hand,59903
,59967
,60031
,60095
,60159
,60223
,60287
,60351
,60415
,60479
,60543
,60607
left_hand,60671
left_hand,60735
left_hand,60799
left_hand,60863
left_hand,60927
left_hand,60991
,61055
,61119
,61183
,61247
,61311
,61375
,61439
,61503
right_hand,61567
right_hand,61631
right_hand,61695
right_hand,61759
right_hand,61823
,61887
,61951
,62015
,62079
,62143
,62207
left_hand,62271
left_hand,62335
left_hand,62399
left_hand,62463
left_hand,62527
left_hand,62591
left_hand,62655
left_hand,62719
left_hand,62783
left_hand,62847
left_hand,62911
left_hand,62975
left_hand,63039
left_hand,63103
left_hand,63167
left_hand,63231
left_hand,63295
left_hand,63359
,63423
,63487
,63551
right_hand,63615
right_hand,63679
right_hand,63743
right_hand,63807
right_hand,63871
right_hand,63935
right_hand,63999
right_hand,64063
right_hand,64127
right_hand,64191
right_hand,64255
,64319
,64383
,64447
,64511
,64575
,64639
,64703
left_hand,64767
left_hand,64831
left_hand,64895
left_hand,64959
left_hand,65023
left_hand,65087
left_hand,65151
,65215
,65279
,65343
,65407
,65471
,65535
,65599
,65663
,65727
,65791
,65855
,65919
,65983
,66047
,66111
,66175
,66239
,66303
,66367
,66431
,66495
,66559
,66623
,66687
right_hand,66751
right_hand,66815
right_hand,66879
right_hand,66943
,67007
,67071
,67135
,67199
,67263
,67327
,67391
,67455
left_hand,67519
left_hand,67583
left_hand,67647
left_hand,67711
left_hand,67775
left_hand,67839
left_hand,67903
left_hand,67967
left_hand,68031
left_hand,68095
left_hand,68159
left_hand,68223
left_hand,68287
left_hand,68351
left_hand,68415
left_hand,68479
left_hand,68543
left_hand,68607
left_hand,68671
left_hand,68735
left_hand,68799
left_hand,68863
left_hand,68927
left_hand,68991
left_hand,69055
left_hand,69119
left_hand,69183
left_hand,69247
left_hand,69311
left_hand,69375
left_hand,69439
left_hand,69503
left_hand,69567
left_hand,69631
left_hand,69695
left_hand,69759
left_hand,69823
left_hand,69887
left_hand,69951
left_hand,70015
left_hand,70079
left_hand,70143
left_hand,70207
left_hand,70271
left_hand,70335
left_hand,70399
,70463
left_hand,70527
left_hand,70591
left_hand,70655
left_hand,70719
,70783
left_hand,70847
left_hand,70911
left_hand,70975
left_hand,71039
left_hand,71103
,71167
,71231
left_hand,71295
left_hand,71359
left_hand,71423
left_hand,71487
left_hand,71551
left_hand,71615
left_hand,71679
left_hand,71743
left_hand,71807
left_hand,71871
left_hand,71935
left_hand,71999
left_hand,72063
left_hand,72127
left_hand,72191
left_hand,72255
left_hand,72319
left_hand,72383
left_hand,72447
left_hand,72511
left_hand,72575
left_hand,72639
left_hand,72703
left_hand,72767
left_hand,72831
left_hand,72895
left_hand,72959
left_hand,73023
,73087
,73151
,73215
,73279
,73343
,73407
,73471
,73535
right_hand,73599
right_hand,73663
right_hand,73727
right_hand,73791
right_hand,73855
right_hand,73919
right_hand,73983
right_hand,74047
right_hand,74111
right_hand,74175
right_hand,74239
right_hand,74303
,74367
,74431
,74495
left_hand,74559
left_hand,74623
left_hand,74687
left_hand,74751
left_hand,74815
left_hand,74879
left_hand,74943
left_hand,75007
left_hand,75071
left_hand,75135
left_hand,75199
left_hand,75263
left_hand,75327
,75391
,75455
,75519
,75583
,75647
,75711
,75775
,75839
,75903
,75967
right_hand,76031
right_hand,76095
right_hand,76159
right_hand,76223
right_hand,76287
right_hand,76351
right_hand,76415
right_hand,76479
right_hand,76543
,76607
,76671
,76735
,76799
,76863
left_hand,76927
left_hand,76991
left_hand,77055
left_hand,77119
left_hand,77183
left_hand,77247
left_hand,77311
left_hand,77375
left_hand,77439
left_hand,77503
,77567
,77631
,77695
,77759
,77823
,77887
,77951
,78015
,78079
,78143
,78207
,78271
left_hand,78335
left_hand,78399
left_hand,78463
left_hand,78527
left_hand,78591
left_hand,78655
left_hand,78719
left_hand,78783
left_hand,78847
left_hand,78911
left_hand,78975
left_hand,79039
left_hand,79103
left_hand,79167
left_hand,79231
left_hand,79295
left_hand,79359
left_hand,79423
left_hand,79487
left_hand,79551
left_hand,79615
left_hand,79679
left_hand,79743
left_hand,79807
left_hand,79871
left_hand,79935
left_hand,79999
left_hand,80063
left_hand,80127
left_hand,80191
left_hand,80255
left_hand,80319
left_hand,80383
left_hand,80447
left_hand,80511
,80575
,80639
,80703
,80767
,80831
,80895
right_hand,80959
,81023
,81087
,81151
right_hand,81215
right_hand,81279
right_hand,81343
right_hand,81407
right_hand,81471
right_hand,81535
right_hand,81599
right_hand,81663
right_hand,81727
right_hand,81791
right_hand,81855
right_hand,81919
right_hand,81983
right_hand,82047
right_hand,82111
,82175
,82239
,82303
,82367
,82431
,82495
,82559
left_hand,82623
left_hand,82687
left_hand,82751
left_hand,82815
left_hand,82879
left_hand,82943
left_hand,83007
left_hand,83071
left_hand,83135
left_hand,83199
left_hand,83263
left_hand,83327
left_hand,83391
left_hand,83455
left_hand,83519
left_hand,83583
left_hand,83647
left_hand,83711
left_hand,83775
,83839
,83903
,83967
,84031
,84095
,84159
,84223
,84287
,84351
,84415
,84479
,84543
,84607
,84671
,84735
,84799
,84863
,84927
right_hand,84991
right_hand,85055
right_hand,85119
right_hand,85183
right_hand,85247
right_hand,85311
right_hand,85375
right_hand,85439
right_hand,85503
right_hand,85567
right_hand,85631
right_hand,85695
right_hand,85759
right_hand,85823
right_hand,85887
right_hand,85951
right_hand,86015
right_hand,86079
right_hand,86143
right_hand,86207
right_hand,86271
right_hand,86335
right_hand,86399
right_hand,86463
right_hand,86527
right_hand,86591
,86655
,86719
,86783
,86847
,86911
,86975
,87039
left_hand,87103
left_hand,87167
left_hand,87231
left_hand,87295
left_hand,87359
left_hand,87423
left_hand,87487
left_hand,87551
left_hand,87615
left_hand,87679
,87743
,87807
,87871
,87935
,87999
right_hand,88063
right_hand,88127
right_hand,88191
right_hand,88255
right_hand,88319
right_hand,88383
right_hand,88447
right_hand,88511
right_hand,88575
right_hand,88639
right_hand,88703
right_hand,88767
right_hand,88831
,88895
,88959
,89023
,89087
right_hand,89151
right_hand,89215
right_hand,89279
right_hand,89343
right_hand,89407
right_hand,89471
right_hand,89535
right_hand,89599
,89663
,89727
,89791
,89855
,89919
,89983
,90047
,90111
,90175
,90239
,90239
