prediction,sample,delay
left_hand,3839,0.31157989999974234
left_hand,3903,0.14145049999979165
left_hand,3903,0.21162120000008144
left_hand,3903,0.2806154999998398
left_hand,3967,0.15670240000008562
left_hand,4031,0.061512799999945855
left_hand,4031,0.21998749999966094
left_hand,4095,0.11308109999981752
left_hand,4095,0.24980039999991277
left_hand,4159,0.15425690000029135
left_hand,4223,0.049102400000265334
left_hand,4223,0.19115430000010747
left_hand,4287,0.09331979999979012
left_hand,4287,0.23245349999979226
left_hand,4351,0.14711239999996906
left_hand,4351,0.29635629999984303
left_hand,4415,0.1754728000000796
left_hand,4479,0.07983400000011898
left_hand,4479,0.2304274000002806
left_hand,4543,0.11049430000002758
left_hand,4543,0.2497404999999162
left_hand,4607,0.15529130000004443
left_hand,4671,0.062405499999840686
left_hand,4671,0.20373539999991408
left_hand,4735,0.0982797000001483
left_hand,4735,0.2500601000001552
left_hand,4799,0.1453401000003396
left_hand,4863,0.046108900000035646
left_hand,4863,0.18836959999998726
left_hand,4927,0.07790119999981471
left_hand,4927,0.24551040000005742
left_hand,4991,0.1272475000000668
left_hand,4991,0.2642602999999326
left_hand,5055,0.17441509999980553
left_hand,5119,0.06707510000023831
left_hand,5119,0.20542969999996785
left_hand,5183,0.11012669999990976
left_hand,5183,0.24893380000003162
left_hand,5247,0.15106780000041908
left_hand,5311,0.04767360000005283
left_hand,5311,0.1906808000003366
left_hand,5375,0.08108919999995123
left_hand,5375,0.23896279999962644
left_hand,5439,0.13048380000009274
left_hand,5439,0.28192889999991166
left_hand,5503,0.17376530000001367
left_hand,5567,0.073941300000115
left_hand,5567,0.21832320000021355
left_hand,5631,0.11186020000013741
left_hand,5631,0.2675260999999409
left_hand,5695,0.16062060000012934
left_hand,5759,0.06116679999968255
left_hand,5759,0.1990310999999565
left_hand,5823,0.09287820000008651
left_hand,5823,0.252764599999864
left_hand,5887,0.14043530000026294
left_hand,5887,0.2813037999999324
left_hand,5951,0.18653079999967304
left_hand,6015,0.08216659999970943
left_hand,6015,0.22399199999972552
left_hand,6079,0.10867189999999027
left_hand,6079,0.2636004999999386
left_hand,6143,0.17679230000021562
left_hand,6207,0.05290899999999965
left_hand,6207,0.20377250000001368
left_hand,6271,0.10813229999985197
left_hand,6271,0.2615870999998151
right_hand,6335,0.15641409999989264
right_hand,6399,0.05289660000016738
right_hand,6399,0.18470639999986815
right_hand,6463,0.08679959999972198
right_hand,6463,0.23143899999968198
right_hand,6527,0.13793110000005981
right_hand,6527,0.27647099999967395
right_hand,6591,0.18018100000017512
right_hand,6655,0.06908169999996971
right_hand,6655,0.21564159999979893
left_hand,6719,0.10966229999985444
left_hand,6719,0.2679785999998785
left_hand,6783,0.1476665000000139
left_hand,6847,0.045539000000189844
left_hand,6847,0.200576700000056
left_hand,6911,0.1044939999997041
left_hand,6911,0.24561239999957252
left_hand,6975,0.14182469999968816
left_hand,6975,0.28874739999992016
left_hand,7039,0.19313340000007884
left_hand,7103,0.07932799999980489
left_hand,7103,0.22655619999977716
left_hand,7167,0.13474960000030478
left_hand,7167,0.29680980000011914
right_hand,7231,0.17748160000019197
left_hand,7295,0.16142339999987598
left_hand,7295,0.19691830000010668
left_hand,7359,0.10317329999998037
left_hand,7359,0.24815340000031938
left_hand,7423,0.1324811999998019
left_hand,7423,0.2795083999999406
left_hand,7487,0.19146970000019792
left_hand,7551,0.07501539999975648
left_hand,7551,0.21479179999960252
left_hand,7615,0.12870240000029298
left_hand,7615,0.2783900000003996
left_hand,7679,0.1654100999999173
left_hand,7743,0.05727759999990667
left_hand,7743,0.1999399999999696
left_hand,7807,0.10497460000033243
left_hand,7807,0.26000180000028195
left_hand,7871,0.15212430000019594
left_hand,7935,0.041094000000157394
left_hand,7935,0.18224360000021989
left_hand,7999,0.08613629999990735
left_hand,7999,0.22721580000006725
left_hand,8063,0.1323128999997607
left_hand,8063,0.2940678999998454
left_hand,8127,0.1642851999999948
left_hand,8191,0.07060759999967559
left_hand,8191,0.2079449999996541
left_hand,8255,0.10546840000006341
left_hand,8255,0.25810709999996106
left_hand,8319,0.1658066999998482
left_hand,8383,0.041524699999627046
left_hand,8383,0.19779010000002017
left_hand,8447,0.10501250000015716
left_hand,8447,0.2497176000001673
left_hand,8511,0.14978879999989658
left_hand,8511,0.29282569999986663
left_hand,8575,0.1843626999998378
left_hand,8639,0.08709689999977854
left_hand,8639,0.2298081999997521
left_hand,8703,0.11783520000017234
left_hand,8703,0.26348440000037954
left_hand,8767,0.17280980000032287
left_hand,8831,0.07195480000018506
left_hand,8831,0.2357542999998259
left_hand,8895,0.12113589999989927
left_hand,8895,0.26217570000017076
left_hand,8959,0.1753953000002184
left_hand,8959,0.30554250000022876
left_hand,9023,0.18150789999981498
left_hand,9087,0.07167389999995066
left_hand,9087,0.22856869999986884
left_hand,9151,0.12387280000029932
left_hand,9151,0.27380570000013904
left_hand,9215,0.17971120000038354
left_hand,9279,0.058901500000047236
left_hand,9279,0.22152689999984432
left_hand,9343,0.11777889999984836
left_hand,9343,0.257274900000084
left_hand,9407,0.1534350000001723
left_hand,9471,0.06061730000010357
left_hand,9471,0.22150009999995746
left_hand,9535,0.09172830000034082
left_hand,9535,0.24676180000005843
left_hand,9599,0.25640999999995984
left_hand,9599,0.2830297000000428
left_hand,9663,0.18053499999996347
left_hand,9727,0.07417850000001636
left_hand,9727,0.23019090000025244
left_hand,9791,0.12138740000000325
left_hand,9791,0.27061300000013944
left_hand,9855,0.1633630000001176
left_hand,9919,0.04062479999993229
left_hand,9919,0.19630829999960042
left_hand,9983,0.10063680000030217
left_hand,9983,0.2438111999999819
left_hand,10047,0.1378791000001911
left_hand,10111,0.04373429999986911
left_hand,10111,0.1821575999997549
left_hand,10175,0.08702850000008766
left_hand,10175,0.2325749999999971
left_hand,10239,0.12079530000028171
left_hand,10239,0.2734980000000178
left_hand,10303,0.1644430999999713
left_hand,10367,0.058180300000003626
left_hand,10367,0.21006360000001223
left_hand,10431,0.1239783000000898
left_hand,10431,0.2776948999999149
left_hand,10495,0.18427770000016608
left_hand,10559,0.06148829999983718
left_hand,10559,0.2016804999998385
left_hand,10623,0.12228869999989911
left_hand,10623,0.24442920000001322
left_hand,10687,0.1333825000001525
left_hand,10687,0.2899846999998772
left_hand,10751,0.16702390000000378
left_hand,10815,0.07869679999976142
left_hand,10815,0.21624070000007123
left_hand,10879,0.11457239999981539
left_hand,10879,0.273339599999872
left_hand,10943,0.15301640000006955
left_hand,11007,0.05594780000001265
left_hand,11007,0.2032586000000265
left_hand,11071,0.10290189999977883
left_hand,11071,0.264464400000179
left_hand,11135,0.14132840000002034
left_hand,11135,0.280726500000128
left_hand,11199,0.18730169999980717
left_hand,11263,0.09789769999997588
left_hand,11263,0.2433459000003495
left_hand,11327,0.14110260000006747
left_hand,11327,0.28435570000010557
left_hand,11391,0.17780110000012428
left_hand,11455,0.06932219999998779
left_hand,11455,0.21898460000011255
left_hand,11519,0.10882730000002994
left_hand,11519,0.2632883999999649
left_hand,11583,0.15910570000005464
left_hand,11647,0.047106800000165094
left_hand,11647,0.20208779999984472
left_hand,11711,0.09879850000015722
left_hand,11711,0.2381625000002714
left_hand,11775,0.14035610000019005
left_hand,11775,0.2819104000000152
left_hand,11839,0.19735899999977846
left_hand,11903,0.07593589999987671
left_hand,11903,0.21641039999985878
left_hand,11967,0.12854830000014772
left_hand,11967,0.2819656000001487
left_hand,12031,0.17042690000016592
left_hand,12095,0.047156600000107574
left_hand,12095,0.20212309999988065
left_hand,12159,0.11593959999981962
left_hand,12159,0.2647560999998859
left_hand,12223,0.13959190000014132
left_hand,12287,0.04526399999986097
left_hand,12287,0.20592349999969883
left_hand,12351,0.08076180000034583
left_hand,12351,0.2186980000001313
left_hand,12415,0.12860539999974208
left_hand,12415,0.28580179999971733
left_hand,12479,0.17986439999958748
left_hand,12543,0.06304369999998016
left_hand,12543,0.20635500000025786
left_hand,12607,0.12048939999976938
left_hand,12607,0.26525569999967047
left_hand,12671,0.15851830000019618
left_hand,12671,0.3035251999999673
left_hand,12735,0.20156390000011015
left_hand,12799,0.08758160000024873
left_hand,12799,0.2391311000001224
left_hand,12863,0.1247974000002614
left_hand,12863,0.29209290000017063
left_hand,12927,0.180586299999959
left_hand,12991,0.07693470000003799
left_hand,12991,0.23723770000015065
left_hand,13055,0.12181169999985286
left_hand,13055,0.2648850999999013
left_hand,13119,0.17067369999995208
right_hand,13183,0.045866599999953905
right_hand,13183,0.20829249999997046
right_hand,13247,0.09909289999995963
right_hand,13247,0.25307770000017626
right_hand,13311,0.14048929999989923
right_hand,13311,0.3077704000002086
right_hand,13375,0.18998950000013792
right_hand,13439,0.08011230000010983
right_hand,13439,0.2333907000002
right_hand,13503,0.1301914000000579
right_hand,13503,0.26750140000012834
right_hand,13567,0.17062450000003082
right_hand,13631,0.06308369999987917
right_hand,13631,0.2188916000000063
right_hand,13695,0.11062930000025517
right_hand,13695,0.266274500000236
right_hand,13759,0.13946489999989353
right_hand,13823,0.05359589999989112
right_hand,13823,0.20325689999981478
right_hand,13887,0.09471949999988283
right_hand,13887,0.25017479999996795
right_hand,13951,0.14124039999978777
right_hand,13951,0.28484549999984665
right_hand,14015,0.17299869999988005
right_hand,14079,0.07834440000033283
right_hand,14079,0.2363970999999765
right_hand,14143,0.11553090000006705
right_hand,14143,0.2760854000002837
right_hand,14207,0.1635283000000527
right_hand,14271,0.10019569999985833
right_hand,14271,0.23423659999980373
right_hand,14335,0.091723600000023
right_hand,14335,0.2371677000001
right_hand,14399,0.1649134999997841
right_hand,14463,0.05947130000004108
right_hand,14463,0.18955060000007506
right_hand,14527,0.08244999999988067
right_hand,14527,0.25843319999967207
left_hand,14591,0.12410829999998896
left_hand,14591,0.2798237000001791
right_hand,14655,0.1524421999997685
right_hand,14719,0.056666800000130024
right_hand,14719,0.2062725999999202
left_hand,14783,0.10526760000038848
left_hand,14783,0.2650521000000481
left_hand,14847,0.13638720000017202
left_hand,14911,0.04421039999988352
left_hand,14911,0.18252129999973477
left_hand,14975,0.07433790000004592
left_hand,14975,0.2327570000002197
left_hand,15039,0.14950390000012703
left_hand,15039,0.28646969999999783
left_hand,15103,0.2052334999998493
left_hand,15167,0.07762439999987691
left_hand,15167,0.22179659999983414
left_hand,15231,0.11039110000001529
left_hand,15231,0.3492135000001326
left_hand,15295,0.15200270000013916
left_hand,15359,0.0478994000000057
left_hand,15359,0.1938890999999785
left_hand,15423,0.08849649999956455
left_hand,15423,0.23495889999958308
left_hand,15487,0.13441259999990507
left_hand,15487,0.2819423999999344
left_hand,15551,0.18501300000025367
left_hand,15615,0.07141860000001543
left_hand,15615,0.21535839999978634
left_hand,15679,0.12213430000019798
left_hand,15679,0.26178820000041014
left_hand,15743,0.16477720000011686
left_hand,15807,0.06418290000010529
left_hand,15807,0.2103503000003002
left_hand,15871,0.12183820000018386
left_hand,15871,0.26514799999995375
left_hand,15935,0.14632910000000265
left_hand,15999,0.09006540000018504
left_hand,15999,0.18199779999986276
left_hand,16063,0.08597690000033253
left_hand,16063,0.22760600000037812
left_hand,16127,0.11820619999980408
left_hand,16127,0.26301340000009077
left_hand,16191,0.1661632999998801
left_hand,16255,0.05538310000019919
left_hand,16255,0.2134252999999262
left_hand,16319,0.10101579999991372
left_hand,16319,0.24189669999987018
left_hand,16383,0.15199699999993754
left_hand,16447,0.042827499999930296
left_hand,16447,0.19857120000006034
left_hand,16511,0.08960309999974925
left_hand,16511,0.23227319999978135
left_hand,16575,0.13820859999987078
left_hand,16575,0.2917101999996703
left_hand,16639,0.1712777000002461
left_hand,16703,0.07656480000014199
left_hand,16703,0.24755740000000515
left_hand,16767,0.11164689999986877
left_hand,16767,0.28570810000019264
left_hand,16831,0.1676793000001453
left_hand,16895,0.05230170000004364
left_hand,16895,0.200477200000023
left_hand,16959,0.14795330000015383
left_hand,16959,0.26600109999981214
left_hand,17023,0.13398989999996047
left_hand,17087,0.038643299999876035
left_hand,17087,0.19292769999992743
left_hand,17151,0.07224240000005011
left_hand,17151,0.22761160000027303
left_hand,17215,0.1203904999997576
left_hand,17215,0.27331120000008013
left_hand,17279,0.16300419999970472
left_hand,17343,0.05618239999967045
left_hand,17343,0.21303009999974165
left_hand,17407,0.10386870000002091
left_hand,17407,0.2437662000002092
left_hand,17471,0.15952950000018973
left_hand,17471,0.31182959999978266
left_hand,17535,0.23462349999999788
left_hand,17599,0.0720195999997486
left_hand,17599,0.22850179999977627
left_hand,17663,0.13187639999978273
left_hand,17663,0.27581640000016705
left_hand,17727,0.1646725000000515
left_hand,17791,0.0572386999997434
left_hand,17791,0.2166680999998789
left_hand,17855,0.12326489999986734
left_hand,17855,0.2610789999998815
left_hand,17919,0.15560520000008182
left_hand,17983,0.03994860000011613
left_hand,17983,0.19590130000005956
left_hand,18047,0.10648879999962446
left_hand,18047,0.24380229999997027
left_hand,18111,0.1347859999996217
left_hand,18111,0.2820781000000352
left_hand,18175,0.18256139999994048
right_hand,18239,0.07791360000010172
right_hand,18239,0.22941129999981058
left_hand,18303,0.12344999999959327
left_hand,18303,0.25790749999987383
left_hand,18367,0.1596927999999025
left_hand,18431,0.05430230000001757
left_hand,18431,0.2086036000000604
right_hand,18495,0.08947740000030535
right_hand,18495,0.24252490000026228
right_hand,18559,0.1481343000000379
right_hand,18559,0.29454119999991235
right_hand,18623,0.17846559999998135
right_hand,18687,0.08960479999996096
right_hand,18687,0.24499969999988025
right_hand,18751,0.121255999999903
right_hand,18751,0.27749069999981657
right_hand,18815,0.16740249999975276
right_hand,18879,0.07247889999962354
right_hand,18879,0.22779689999970287
right_hand,18943,0.11437840000007782
right_hand,18943,0.27365640000016356
right_hand,19007,0.15828549999969255
right_hand,19071,0.05563059999985853
right_hand,19071,0.1934095999999954
right_hand,19135,0.09074950000012905
right_hand,19135,0.24692879999975048
left_hand,19199,0.14476740000009158
left_hand,19199,0.285983700000088
right_hand,19263,0.1869005999997171
right_hand,19327,0.07731149999972331
right_hand,19327,0.2436227999996845
right_hand,19391,0.11551520000011806
right_hand,19391,0.2708980000002157
right_hand,19455,0.16880519999995158
right_hand,19519,0.06513119999999617
right_hand,19519,0.20669180000004417
right_hand,19583,0.10831999999982145
right_hand,19583,0.2626106000002437
right_hand,19647,0.1526450000001205
right_hand,19711,0.04735389999996187
right_hand,19711,0.19025090000013734
right_hand,19775,0.09315890000016225
right_hand,19775,0.25202249999983906
right_hand,19839,0.12730030000011539
right_hand,19839,0.28517999999985477
right_hand,19903,0.17193120000001727
right_hand,19967,0.08685000000014043
right_hand,19967,0.23092059999999037
right_hand,20031,0.12307520000013028
right_hand,20031,0.26026809999984835
right_hand,20095,0.16401409999980388
right_hand,20159,0.052126899999620946
right_hand,20159,0.20328559999961726
right_hand,20223,0.09320530000013605
right_hand,20223,0.2517552999997861
right_hand,20287,0.14339979999977004
right_hand,20287,0.28221609999991415
right_hand,20351,0.18539869999995062
right_hand,20415,0.08316139999988081
right_hand,20415,0.22930559999986144
right_hand,20479,0.12523510000028182
right_hand,20479,0.2784347000001617
left_hand,20543,0.17648220000000947
left_hand,20607,0.06242610000026616
left_hand,20607,0.21728740000025937
left_hand,20671,0.0920162999996137
left_hand,20671,0.25732109999989916
left_hand,20735,0.15747129999999743
left_hand,20735,0.29658229999995456
left_hand,20799,0.18745869999975184
left_hand,20863,0.09556359999987762
left_hand,20863,0.24087089999966338
left_hand,20927,0.152885100000276
left_hand,20927,0.2984924000002138
left_hand,20991,0.2014352000001054
left_hand,21055,0.08095379999986108
left_hand,21055,0.22159549999969386
left_hand,21119,0.10438600000043152
left_hand,21119,0.25203160000000935
left_hand,21183,0.1494250999999167
left_hand,21247,0.0401889999998275
left_hand,21247,0.19821309999997538
left_hand,21311,0.09302320000006148
left_hand,21311,0.2494630999999572
left_hand,21375,0.11853169999994861
left_hand,21375,0.27547450000020035
left_hand,21439,0.18767699999989418
left_hand,21503,0.08107499999960055
left_hand,21503,0.2597486999998182
left_hand,21567,0.10900480000009338
left_hand,21567,0.2619430999998258
left_hand,21631,0.16741910000018834
left_hand,21695,0.04295369999999821
left_hand,21695,0.19939320000003136
left_hand,21759,0.10351429999991524
left_hand,21759,0.24422690000028524
right_hand,21823,0.13569409999990967
right_hand,21887,0.045597799999995914
right_hand,21887,0.18292410000003656
right_hand,21951,0.07459470000003421
right_hand,21951,0.22869549999995797
right_hand,22015,0.12362200000006851
right_hand,22015,0.28066309999985606
right_hand,22079,0.15462750000006054
right_hand,22143,0.0593578000002708
right_hand,22143,0.21540390000018306
left_hand,22207,0.11666620000005423
left_hand,22207,0.25765039999987494
left_hand,22271,0.15136970000003203
left_hand,22335,0.044013600000198494
left_hand,22335,0.18581119999998919
left_hand,22399,0.09101760000021386
left_hand,22399,0.2509807000001274
left_hand,22463,0.13264559999970515
left_hand,22463,0.2808614000000489
left_hand,22527,0.17423299999973096
left_hand,22591,0.08427269999992859
left_hand,22591,0.23923830000012458
left_hand,22655,0.10549010000022463
left_hand,22655,0.26258270000016637
left_hand,22719,0.1522979999999734
left_hand,22783,0.04619309999998222
left_hand,22783,0.2028429000001779
left_hand,22847,0.09457669999983409
left_hand,22847,0.24494800000002215
left_hand,22911,0.13509789999989152
left_hand,22911,0.29468279999991864
left_hand,22975,0.18670050000037008
left_hand,23039,0.07430499999964013
left_hand,23039,0.23196099999995567
left_hand,23103,0.12247500000012224
left_hand,23103,0.27911279999989347
left_hand,23167,0.1660428000000138
left_hand,23231,0.06103590000020631
left_hand,23231,0.21788229999992836
left_hand,23295,0.11339529999986553
left_hand,23295,0.24739929999986998
left_hand,23359,0.15719209999997474
left_hand,23359,0.3049377000002096
left_hand,23423,0.18051409999998214
left_hand,23487,0.10245070000019041
left_hand,23487,0.23726250000026994
right_hand,23551,0.12614170000006197
right_hand,23551,0.27718170000025566
left_hand,23615,0.16921039999988352
left_hand,23679,0.06719049999992421
left_hand,23679,0.21924130000024888
left_hand,23743,0.11345150000033755
left_hand,23743,0.2604063000003407
left_hand,23807,0.17279259999986607
right_hand,23871,0.0480824000001121
right_hand,23871,0.199941299999864
right_hand,23935,0.11724480000020776
right_hand,23935,0.2487611999999899
right_hand,23999,0.1502583000001323
right_hand,24063,0.04267329999993308
right_hand,24063,0.1821882999997797
left_hand,24127,0.07358359999989261
left_hand,24127,0.2307303000002321
left_hand,24191,0.1197133999999096
left_hand,24191,0.2717702999998437
left_hand,24255,0.1704116000000795
left_hand,24319,0.05918339999971067
left_hand,24319,0.19817459999967468
left_hand,24383,0.10396470000023328
left_hand,24383,0.24492880000025252
left_hand,24447,0.1372283000000607
left_hand,24511,0.04152810000005047
left_hand,24511,0.18210020000014993
left_hand,24575,0.09311879999995654
left_hand,24575,0.2527273000000605
left_hand,24639,0.13148739999996906
left_hand,24639,0.28398429999970176
left_hand,24703,0.17028609999988475
left_hand,24767,0.06518559999994977
left_hand,24767,0.21323089999987133
left_hand,24831,0.10630369999989853
left_hand,24831,0.2636336999999003
left_hand,24895,0.15360420000024533
left_hand,24959,0.04340670000010505
left_hand,24959,0.19734860000016852
left_hand,25023,0.10440340000013748
left_hand,25023,0.24516640000001644
left_hand,25087,0.13601209999978892
left_hand,25151,0.040582699999959004
left_hand,25151,0.18393079999987094
left_hand,25215,0.07401549999985946
left_hand,25215,0.21301149999999325
left_hand,25279,0.12000719999969078
left_hand,25279,0.26732869999977993
left_hand,25343,0.1657838000000993
left_hand,25407,0.06125350000002072
left_hand,25407,0.20409239999980855
left_hand,25471,0.10958490000029997
left_hand,25471,0.2629530000003797
left_hand,25535,0.13597290000006979
left_hand,25599,0.04608280000002196
left_hand,25599,0.18367880000005243
left_hand,25663,0.08102109999981622
left_hand,25663,0.22902530000010302
left_hand,25727,0.13997109999991153
left_hand,25727,0.27196679999997286
left_hand,25791,0.17934379999996963
left_hand,25855,0.05940679999957865
left_hand,25855,0.21593189999975948
left_hand,25919,0.10289489999968282
left_hand,25919,0.2675390999997944
left_hand,25983,0.1515743999998449
left_hand,26047,0.04855670000006285
left_hand,26047,0.20036879999997836
left_hand,26111,0.09306430000015098
left_hand,26111,0.2375648000002002
left_hand,26175,0.13439970000035828
left_hand,26175,0.27747210000006817
left_hand,26239,0.17301279999992403
left_hand,26303,0.07526290000032532
left_hand,26303,0.2156912000000375
left_hand,26367,0.12540420000004815
left_hand,26367,0.26527390000001105
left_hand,26431,0.15775330000042231
left_hand,26495,0.042603500000041095
left_hand,26495,0.2024304999999913
left_hand,26559,0.11428290000003472
left_hand,26559,0.24670949999972436
left_hand,26623,0.13660289999961606
left_hand,26623,0.2814741999995931
left_hand,26687,0.1837531000001036
left_hand,26751,0.09023860000024797
left_hand,26751,0.23232550000011543
left_hand,26815,0.12225570000009611
left_hand,26815,0.2610875999998825
left_hand,26879,0.1652390999997806
left_hand,26943,0.06139889999985826
left_hand,26943,0.20497720000003028
left_hand,27007,0.10327430000006643
left_hand,27007,0.24662769999986267
left_hand,27071,0.1628482000000986
left_hand,27135,0.04342369999994844
left_hand,27135,0.1975680000000466
left_hand,27199,0.09687729999996009
left_hand,27199,0.2703639999999723
left_hand,27263,0.12379170000031081
left_hand,27263,0.28948810000019876
left_hand,27327,0.27669749999995474
left_hand,27391,0.05998290000025008
left_hand,27391,0.22009819999993852
left_hand,27455,0.12403099999983169
left_hand,27455,0.2644353000000592
left_hand,27519,0.14980730000024778
left_hand,27583,0.05974820000028558
left_hand,27583,0.2000913000001674
left_hand,27647,0.09010940000007395
left_hand,27647,0.2447695000000749
left_hand,27711,0.1392961000001378
left_hand,27711,0.29512130000011894
left_hand,27775,0.1830163000004177
left_hand,27839,0.0744273999998768
left_hand,27839,0.2294425999998566
left_hand,27903,0.11996759999965434
left_hand,27903,0.2597465999997439
left_hand,27967,0.175749900000028
right_hand,28031,0.07571980000011536
right_hand,28031,0.22333560000015495
right_hand,28095,0.112302400000317
right_hand,28095,0.24998080000023037
left_hand,28159,0.15113089999977092
left_hand,28159,0.30447979999962627
right_hand,28223,0.18392110000013417
right_hand,28287,0.09042259999978342
right_hand,28287,0.2465170999998918
right_hand,28351,0.13788890000023457
right_hand,28351,0.2820274000000609
right_hand,28415,0.179008800000247
right_hand,28479,0.06366559999969468
right_hand,28479,0.21695359999966968
left_hand,28543,0.11198419999982434
left_hand,28543,0.26607830000011745
left_hand,28607,0.1690878999997949
left_hand,28671,0.0411113000000114
left_hand,28671,0.19870350000019243
left_hand,28735,0.09720399999969231
left_hand,28735,0.24532460000000356
left_hand,28799,0.1447478999998566
left_hand,28799,0.29049110000005385
left_hand,28863,0.18347920000041995
left_hand,28927,0.07334249999985332
left_hand,28927,0.21518059999971229
left_hand,28991,0.12225040000021181
left_hand,28991,0.2734091000002081
left_hand,29055,0.15349920000016937
left_hand,29119,0.057585500000186585
left_hand,29119,0.21629740000025777
left_hand,29183,0.08958620000021256
left_hand,29183,0.24620080000022426
left_hand,29247,0.15211920000001555
left_hand,29247,0.2923258999999234
left_hand,29311,0.1865117000002101
left_hand,29375,0.09002439999994749
left_hand,29375,0.2505780000001323
left_hand,29439,0.1373106999999436
left_hand,29439,0.2765482999998312
left_hand,29503,0.16858600000023216
left_hand,29567,0.08241670000006707
left_hand,29567,0.21339979999993375
left_hand,29631,0.13739859999986948
left_hand,29631,0.2641837999999552
left_hand,29695,0.15869640000028085
left_hand,29759,0.04359999999996944
left_hand,29759,0.19421849999980623
right_hand,29823,0.09254479999981413
right_hand,29823,0.23637390000021696
right_hand,29887,0.1372747000000345
right_hand,29887,0.29311939999979586
right_hand,29951,0.167334899999787
right_hand,30015,0.09022970000023633
right_hand,30015,0.21516030000020692
right_hand,30079,0.10606780000034632
right_hand,30079,0.26384150000012596
right_hand,30143,0.1718445999999858
right_hand,30207,0.05936859999974331
right_hand,30207,0.21729259999983697
right_hand,30271,0.08944709999968836
right_hand,30271,0.258894699999928
right_hand,30335,0.1555796000002374
right_hand,30335,0.29540899999983594
right_hand,30399,0.1847551000000749
right_hand,30463,0.07583449999992808
right_hand,30463,0.23106899999993402
right_hand,30527,0.13585109999985434
right_hand,30527,0.2786882999998852
left_hand,30591,0.16401259999975082
left_hand,30655,0.07377309999992576
left_hand,30655,0.21251340000026175
right_hand,30719,0.10661219999974492
right_hand,30719,0.25899619999972856
left_hand,30783,0.15439050000031784
left_hand,30847,0.05521100000032675
left_hand,30847,0.20130980000021736
right_hand,30911,0.08943580000004658
right_hand,30911,0.23292200000014418
right_hand,30975,0.1371657999998206
right_hand,30975,0.28103009999995265
right_hand,31039,0.18014979999998104
right_hand,31103,0.07699929999989763
right_hand,31103,0.2158449999997174
right_hand,31167,0.12075290000029781
right_hand,31167,0.26071390000015526
right_hand,31231,0.15294670000002952
right_hand,31295,0.05818290000024717
right_hand,31295,0.19869710000011764
right_hand,31359,0.09004370000002382
right_hand,31359,0.24669770000036806
right_hand,31423,0.13685590000022785
right_hand,31487,0.043477700000039476
right_hand,31487,0.1852203000003101
right_hand,31551,0.07463230000030308
right_hand,31551,0.22990150000032372
right_hand,31615,0.12368070000002263
right_hand,31615,0.2961256999997204
right_hand,31679,0.17127979999986565
right_hand,31743,0.06339810000008583
right_hand,31743,0.20900399999982255
right_hand,31807,0.10925470000029236
right_hand,31807,0.26349740000023303
right_hand,31871,0.161352000000079
right_hand,31935,0.0435167000000547
right_hand,31935,0.19160240000019257
right_hand,31999,0.09437200000002122
right_hand,31999,0.24404090000007272
right_hand,32063,0.1226157000000967
right_hand,32063,0.28878260000010414
right_hand,32127,0.1774011000002247
right_hand,32191,0.07513169999992897
right_hand,32191,0.2189392999998745
right_hand,32255,0.12113030000000435
right_hand,32255,0.2603788999999779
right_hand,32319,0.1533649000002697
right_hand,32383,0.05894480000006297
right_hand,32383,0.21417250000013155
right_hand,32447,0.08942539999998189
right_hand,32447,0.2457540999998855
right_hand,32511,0.13789659999974901
right_hand,32511,0.29436200000009194
right_hand,32575,0.1844997999996849
right_hand,32639,0.0754453999998077
right_hand,32639,0.22832840000000942
right_hand,32703,0.1187024000000747
right_hand,32703,0.2620942000003197
right_hand,32767,0.16725589999987278
right_hand,32831,0.05805700000018987
right_hand,32831,0.21266749999995227
right_hand,32895,0.10784390000026178
right_hand,32895,0.2657985999999255
right_hand,32959,0.13492969999970228
right_hand,33023,0.04903439999998227
right_hand,33023,0.19914879999987534
right_hand,33087,0.09143369999992501
right_hand,33087,0.2289717999997265
right_hand,33151,0.14256390000036845
right_hand,33151,0.2957424000001083
right_hand,33215,0.17382670000006328
right_hand,33279,0.07547299999987445
right_hand,33279,0.24133600000004662
right_hand,33343,0.11580229999981384
right_hand,33343,0.26364449999982753
right_hand,33407,0.15198579999969297
right_hand,33471,0.043993500000397034
right_hand,33471,0.1849184000002424
right_hand,33535,0.09062519999997676
right_hand,33535,0.23310910000009244
right_hand,33599,0.1398365999998532
right_hand,33599,0.29660640000020067
right_hand,33663,0.16895560000011756
right_hand,33727,0.07502890000023399
right_hand,33727,0.2186996000000363
right_hand,33791,0.12377979999973832
right_hand,33791,0.2801193999998759
right_hand,33855,0.1584496999998919
right_hand,33919,0.06800780000003215
right_hand,33919,0.213760000000093
right_hand,33983,0.09069189999991067
right_hand,33983,0.24923869999975068
right_hand,34047,0.13698810000005324
right_hand,34047,0.28954939999994167
right_hand,34111,0.18293510000012247
right_hand,34175,0.07788879999998244
right_hand,34175,0.2309442000000672
right_hand,34239,0.1352646000000277
right_hand,34239,0.27679159999979674
right_hand,34303,0.1641395999999986
left_hand,34367,0.07449280000037106
left_hand,34367,0.21147940000037124
left_hand,34431,0.10482169999977486
left_hand,34431,0.2644169000000147
left_hand,34495,0.15518929999961983
left_hand,34559,0.044945499999812455
left_hand,34559,0.19767339999998512
left_hand,34623,0.09191259999988688
left_hand,34623,0.2324119999998402
left_hand,34687,0.13735159999987445
left_hand,34687,0.2857685999997557
left_hand,34751,0.18286609999995562
left_hand,34815,0.07588940000005095
left_hand,34815,0.22723780000023908
left_hand,34879,0.10544930000014574
left_hand,34879,0.26263860000017303
left_hand,34943,0.16927469999973255
left_hand,35007,0.04826850000017657
left_hand,35007,0.2059546999998929
left_hand,35071,0.11327479999999923
left_hand,35071,0.2461471999999958
left_hand,35135,0.13563720000001922
left_hand,35135,0.27887680000003456
left_hand,35199,0.18342329999995854
left_hand,35263,0.08797770000001037
left_hand,35263,0.23462930000005144
left_hand,35327,0.12045880000005127
left_hand,35327,0.2663287999998829
left_hand,35391,0.17988240000022415
left_hand,35455,0.10365379999984725
left_hand,35455,0.21404900000015914
left_hand,35519,0.10557239999980084
left_hand,35519,0.2616934999996374
left_hand,35583,0.15487660000007963
left_hand,35647,0.05364110000027722
left_hand,35647,0.19794350000029226
left_hand,35711,0.08689239999966958
left_hand,35711,0.22990810000010242
right_hand,35775,0.13847729999997682
right_hand,35775,0.29335760000003575
right_hand,35839,0.16877230000000054
right_hand,35903,0.07601059999979043
right_hand,35903,0.23184079999964524
right_hand,35967,0.10696180000013555
right_hand,35967,0.2575375000001259
right_hand,36031,0.16786649999994552
right_hand,36095,0.06163559999959034
right_hand,36095,0.19942119999996066
right_hand,36159,0.09268969999993715
right_hand,36159,0.24454839999998512
left_hand,36223,0.15286620000006224
left_hand,36223,0.29568680000011227
left_hand,36287,0.1832143999999971
left_hand,36351,0.08205520000001343
left_hand,36351,0.21858740000016041
left_hand,36415,0.12231359999987035
left_hand,36415,0.28226690000019516
left_hand,36479,0.17251859999987573
left_hand,36543,0.059159599999929924
left_hand,36543,0.21687019999990298
left_hand,36607,0.10679679999975633
left_hand,36607,0.2698608000000604
left_hand,36671,0.15013210000006438
left_hand,36735,0.042026699999951234
left_hand,36735,0.2020052000002579
left_hand,36799,0.07523310000033234
left_hand,36799,0.23049400000036258
left_hand,36863,0.1384392999998454
left_hand,36863,0.28299809999998615
left_hand,36927,0.1711392999995951
left_hand,36991,0.07385939999994662
left_hand,36991,0.20983019999994212
left_hand,37055,0.10848629999964032
left_hand,37055,0.38626849999991464
left_hand,37119,0.1742193000000043
left_hand,37183,0.06058999999959269
left_hand,37183,0.2081014000000323
left_hand,37247,0.09723080000003392
left_hand,37247,0.2486033000000134
left_hand,37311,0.13990220000005138
left_hand,37311,0.30328670000017155
left_hand,37375,0.1715291000000434
left_hand,37439,0.07519860000002154
left_hand,37439,0.225141800000074
left_hand,37503,0.12123919999976351
left_hand,37503,0.2599913999997625
left_hand,37567,0.1714003000001867
left_hand,37631,0.059268799999699695
left_hand,37631,0.20122479999963616
left_hand,37695,0.10681420000037178
left_hand,37695,0.2614573000000746
left_hand,37759,0.1501155999999355
left_hand,37759,0.28866940000034447
left_hand,37823,0.18789360000027955
left_hand,37887,0.090849100000014
left_hand,37887,0.23207700000011755
left_hand,37951,0.13676759999998467
left_hand,37951,0.29199100000005274
left_hand,38015,0.16597379999984696
left_hand,38079,0.05707989999973506
left_hand,38079,0.2139998999996351
left_hand,38143,0.12501900000006572
left_hand,38143,0.2618808000001991
left_hand,38207,0.1508177999999134
left_hand,38271,0.059196399999564164
left_hand,38271,0.21220799999991868
left_hand,38335,0.10119870000016817
left_hand,38335,0.24476690000028611
left_hand,38399,0.1542715999999018
left_hand,38399,0.2894117999999253
left_hand,38463,0.18089869999994335
left_hand,38527,0.0750583999997616
left_hand,38527,0.21488109999972949
right_hand,38591,0.12304390000008425
right_hand,38591,0.26296700000011697
right_hand,38655,0.16965680000021166
right_hand,38719,0.059803999999985535
right_hand,38719,0.19850010000027396
right_hand,38783,0.10575070000004416
right_hand,38783,0.2619886000002225
right_hand,38847,0.13502799999969284
left_hand,38911,0.04585369999995237
left_hand,38911,0.18421770000031756
left_hand,38975,0.07487649999984569
left_hand,38975,0.2275116999999227
left_hand,39039,0.12306790000002366
left_hand,39039,0.2775160000001051
left_hand,39103,0.16898219999984576
left_hand,39167,0.07533509999984744
left_hand,39167,0.21259860000009212
left_hand,39231,0.1067260000004353
left_hand,39231,0.2583060000001751
left_hand,39295,0.15069850000008955
left_hand,39359,0.04297309999992649
left_hand,39359,0.199309600000106
left_hand,39423,0.08848989999978585
left_hand,39423,0.2429827999999361
left_hand,39487,0.1386953999999605
left_hand,39487,0.2746194999999716
left_hand,39551,0.18317320000005566
left_hand,39615,0.07414450000032957
left_hand,39615,0.2132715000002463
left_hand,39679,0.12038609999990513
left_hand,39679,0.2608789999999317
left_hand,39743,0.1523736000003737
right_hand,39807,0.0561214999997901
right_hand,39807,0.21420450000005076
right_hand,39871,0.09111050000001342
right_hand,39871,0.24272080000037022
right_hand,39935,0.15378640000017185
right_hand,39935,0.29972929999985354
right_hand,39999,0.1811891000002106
right_hand,40063,0.08972759999960545
right_hand,40063,0.23116599999957543
right_hand,40127,0.16619540000010602
right_hand,40127,0.2688582000000679
right_hand,40191,0.1853439999999864
left_hand,40255,0.058171499999843945
left_hand,40255,0.2138534000000618
left_hand,40319,0.10717320000003383
left_hand,40319,0.2463275000000067
left_hand,40383,0.16451660000029733
right_hand,40447,0.0452328999999736
right_hand,40447,0.18876730000010866
right_hand,40511,0.0896191000001636
right_hand,40511,0.2530621000000792
right_hand,40575,0.14333299999998417
right_hand,40575,0.30326140000033774
right_hand,40639,0.17771739999989222
right_hand,40703,0.07368929999984175
right_hand,40703,0.2291519000000335
right_hand,40767,0.10502320000023246
right_hand,40767,0.2602734000001874
right_hand,40831,0.1535924999998315
right_hand,40895,0.0586355000000367
right_hand,40895,0.21460350000006656
right_hand,40959,0.09267739999995683
right_hand,40959,0.24957809999978053
right_hand,41023,0.1355634999999893
right_hand,41087,0.04114149999986694
right_hand,41087,0.2000834999998915
right_hand,41151,0.07393510000019887
right_hand,41151,0.23475880000023608
right_hand,41215,0.12235529999998107
right_hand,41215,0.27860659999987547
right_hand,41279,0.16779559999986304
right_hand,41343,0.05761949999987337
right_hand,41343,0.2186271000000488
left_hand,41407,0.11357989999987694
left_hand,41407,0.2765396999998302
left_hand,41471,0.15766039999971326
left_hand,41535,0.0458002000000306
left_hand,41535,0.20736230000011346
left_hand,41599,0.09045620000006238
left_hand,41599,0.2308204000000842
left_hand,41663,0.13492309999992358
left_hand,41663,0.2878175000000738
left_hand,41727,0.17067230000020572
left_hand,41791,0.0760427999998683
left_hand,41791,0.21743019999985336
left_hand,41855,0.12248319999980595
left_hand,41855,0.2625417999997808
left_hand,41919,0.15470730000015465
left_hand,41983,0.05845079999971858
left_hand,41983,0.19834689999970578
left_hand,42047,0.08985349999966274
left_hand,42047,0.2456992999996146
left_hand,42111,0.1358657000000676
left_hand,42175,0.044419599999855564
left_hand,42175,0.19754550000016025
left_hand,42239,0.07458919999999125
left_hand,42239,0.225979499999994
left_hand,42303,0.12268559999984063
left_hand,42303,0.26722160000008444
left_hand,42367,0.16923839999981283
right_hand,42431,0.058152500000232976
right_hand,42431,0.21710299999995186
right_hand,42495,0.10663629999999102
right_hand,42495,0.2483673000001545
right_hand,42559,0.1550360000001092
right_hand,42623,0.04751560000022437
right_hand,42623,0.18891789999997854
right_hand,42687,0.0899042000000918
right_hand,42687,0.23859089999996286
right_hand,42751,0.12113590000035401
right_hand,42751,0.2766242000002421
right_hand,42815,0.18113590000029944
right_hand,42879,0.06037430000014865
right_hand,42879,0.2145743000000948
right_hand,42943,0.12785139999959938
right_hand,42943,0.25719249999974636
right_hand,43007,0.15320710000014515
right_hand,43071,0.05976950000012948
right_hand,43071,0.20204550000016752
right_hand,43135,0.08834930000011809
right_hand,43135,0.23969220000026326
right_hand,43199,0.13878329999988637
right_hand,43199,0.27643499999976484
right_hand,43263,0.18167859999994107
left_hand,43327,0.073901300000216
left_hand,43327,0.21629810000013094
left_hand,43391,0.11980660000017451
left_hand,43391,0.27409010000019407
left_hand,43455,0.17306310000003577
left_hand,43519,0.056635500000083994
left_hand,43519,0.19946089999984906
left_hand,43583,0.10953939999990325
left_hand,43583,0.2609320999999909
left_hand,43647,0.1506601999999475
left_hand,43711,0.04573989999971673
left_hand,43711,0.20088469999973313
left_hand,43775,0.07610579999982292
left_hand,43775,0.23030580000022383
left_hand,43839,0.1361735000000408
left_hand,43839,0.27682670000012877
left_hand,43903,0.16748099999995247
left_hand,43967,0.061153899999681016
left_hand,43967,0.21611380000013014
right_hand,44031,0.12125289999994493
right_hand,44031,0.2593974999999773
right_hand,44095,0.1558748999996169
right_hand,44159,0.06616919999987658
right_hand,44159,0.20214759999998932
right_hand,44223,0.09321820000013759
right_hand,44223,0.24555060000011508
right_hand,44287,0.13449630000013713
right_hand,44287,0.28917589999991833
right_hand,44351,0.18297320000010586
right_hand,44415,0.07137899999997899
right_hand,44415,0.21511229999987336
left_hand,44479,0.11917519999997239
left_hand,44479,0.2742250999999669
right_hand,44543,0.15533189999996466
right_hand,44607,0.05629660000022341
right_hand,44607,0.21167270000023564
left_hand,44671,0.09732889999986583
left_hand,44671,0.26761900000019523
left_hand,44735,0.17038079999974798
left_hand,44735,0.3143881999999394
left_hand,44799,0.1883189999998649
left_hand,44863,0.09963470000002417
left_hand,44863,0.24399589999984528
left_hand,44927,0.12623089999988224
left_hand,44927,0.2887908999996398
left_hand,44991,0.1797036000002663
left_hand,45055,0.07493789999989531
left_hand,45055,0.2187962000002699
right_hand,45119,0.11456309999994119
right_hand,45119,0.2812776999999187
right_hand,45183,0.16704889999982697
right_hand,45247,0.05133089999981166
right_hand,45247,0.2189272999999048
right_hand,45311,0.11217790000000605
right_hand,45311,0.23667479999994612
right_hand,45375,0.14235490000010032
right_hand,45375,0.3027864000000591
right_hand,45439,0.20210240000005797
right_hand,45503,0.0754439000002094
right_hand,45503,0.2238497000003008
right_hand,45567,0.1099712999998701
right_hand,45567,0.28905889999987266
right_hand,45631,0.18130040000005465
right_hand,45695,0.05649429999994027
right_hand,45695,0.2183681000001343
right_hand,45759,0.11785200000031182
right_hand,45759,0.2603118000001814
right_hand,45823,0.15687889999981053
right_hand,45823,0.3027663999996548
right_hand,45887,0.20419009999977789
right_hand,45951,0.14491670000006707
right_hand,45951,0.22903779999978724
right_hand,46015,0.11938430000009248
right_hand,46015,0.26219910000008895
right_hand,46079,0.16598079999994297
right_hand,46143,0.06112059999986741
right_hand,46143,0.1978211000000556
left_hand,46207,0.1061189000001832
left_hand,46207,0.2649557999998251
left_hand,46271,0.15143880000005083
left_hand,46335,0.04187320000028194
left_hand,46335,0.20160440000017843
left_hand,46399,0.09100959999977931
left_hand,46399,0.2513112999999976
left_hand,46463,0.12337489999981699
left_hand,46463,0.28542079999988346
left_hand,46527,0.18293539999967834
left_hand,46591,0.0763595999997051
left_hand,46591,0.2163860000000568
left_hand,46655,0.11812009999994189
left_hand,46655,0.2727759999997943
left_hand,46719,0.16763350000019273
left_hand,46783,0.04352000000017142
left_hand,46783,0.1961316000001716
left_hand,46847,0.08908500000006825
left_hand,46847,0.22892189999993207
left_hand,46911,0.13365609999982553
left_hand,46911,0.2907772999997178
left_hand,46975,0.18410670000002938
left_hand,47039,0.07514839999976175
left_hand,47039,0.22795199999973192
left_hand,47103,0.11892900000020745
left_hand,47103,0.2768783000001349
left_hand,47167,0.16919060000009267
left_hand,47231,0.057750100000248494
left_hand,47231,0.21427700000003824
left_hand,47295,0.10721370000010211
left_hand,47295,0.2591410999998516
left_hand,47359,0.1576244000002589
left_hand,47423,0.04832299999998213
left_hand,47423,0.24664179999990665
left_hand,47487,0.0956968999998935
left_hand,47487,0.2337689999999384
left_hand,47551,0.13837139999986903
left_hand,47551,0.28297969999994166
left_hand,47615,0.17412899999999354
left_hand,47679,0.07163300000001982
left_hand,47679,0.21638619999976072
left_hand,47743,0.1269828999998026
left_hand,47743,0.2776355999999396
left_hand,47807,0.15338480000036725
left_hand,47871,0.06010110000033819
left_hand,47871,0.20034060000034515
left_hand,47935,0.09035739999990255
left_hand,47935,0.22936889999982668
left_hand,47999,0.13720820000025924
left_hand,47999,0.29271120000021256
left_hand,48063,0.1673211000002084
left_hand,48127,0.07463219999999637
left_hand,48127,0.23237139999991996
left_hand,48191,0.11988120000023628
left_hand,48191,0.28122590000020864
left_hand,48255,0.1683869999997114
left_hand,48319,0.06869869999991352
left_hand,48319,0.22351709999975355
left_hand,48383,0.09605760000022201
left_hand,48383,0.2530566999998882
left_hand,48447,0.15601139999989755
left_hand,48447,0.2945318999995834
left_hand,48511,0.19071029999986422
left_hand,48575,0.07668090000015582
left_hand,48575,0.24467920000006416
left_hand,48639,0.12585230000013325
left_hand,48639,0.27647650000017165
left_hand,48703,0.1708914000000732
left_hand,48767,0.06077899999991132
left_hand,48767,0.21554520000017874
left_hand,48831,0.12038869999969393
left_hand,48831,0.25996719999966444
left_hand,48895,0.14994049999995696
left_hand,48959,0.04320370000004914
left_hand,48959,0.2013904000000366
left_hand,49023,0.10458010000002105
left_hand,49023,0.24620340000001306
left_hand,49087,0.13809760000003735
left_hand,49087,0.27883639999981824
left_hand,49151,0.1824613999997382
left_hand,49215,0.07318069999973886
left_hand,49215,0.21605559999989055
left_hand,49279,0.12125239999977566
left_hand,49279,0.2731272999999419
left_hand,49343,0.16766669999969963
left_hand,49407,0.0619843999998011
left_hand,49407,0.20514409999987038
left_hand,49471,0.11844410000003336
left_hand,49471,0.24725109999963024
left_hand,49535,0.13900349999994432
left_hand,49599,0.04285990000016682
left_hand,49599,0.18743369999992865
left_hand,49663,0.08997409999983574
left_hand,49663,0.23182829999996102
left_hand,49727,0.12416600000005928
left_hand,49727,0.281291699999656
left_hand,49791,0.18250099999977465
left_hand,49855,0.05938629999991463
left_hand,49855,0.21106890000010026
left_hand,49919,0.10435830000005808
left_hand,49919,0.2595538000000488
left_hand,49983,0.15281999999979234
left_hand,50047,0.04355729999997493
left_hand,50047,0.19686230000024807
left_hand,50111,0.09702729999980875
left_hand,50111,0.22621049999997922
left_hand,50175,0.1369742000001679
left_hand,50175,0.29030790000024354
left_hand,50239,0.17194160000008196
left_hand,50303,0.07300690000010945
left_hand,50303,0.2317948999998407
left_hand,50367,0.10818859999972119
left_hand,50367,0.2680372999998326
left_hand,50431,0.17197600000008606
left_hand,50495,0.044058899999981804
left_hand,50495,0.20216590000018186
left_hand,50559,0.1092251000000033
left_hand,50559,0.2463035000000673
right_hand,50623,0.1429134999998496
right_hand,50623,0.2932212000000618
right_hand,50687,0.18283540000038556
right_hand,50751,0.07519169999977748
right_hand,50751,0.2316249999998945
right_hand,50815,0.12200070000017149
right_hand,50815,0.2677432000000408
right_hand,50879,0.16569750000007843
right_hand,50943,0.05819209999981467
right_hand,50943,0.20073899999988498
right_hand,51007,0.10643219999974463
right_hand,51007,0.25212069999997766
right_hand,51071,0.15082879999999932
right_hand,51135,0.04268750000028376
right_hand,51135,0.18446010000025126
right_hand,51199,0.10727029999998194
right_hand,51199,0.24670709999963947
right_hand,51263,0.12644209999962186
right_hand,51263,0.2797200999998495
right_hand,51327,0.17383179999978893
right_hand,51391,0.07337319999987812
right_hand,51391,0.23309889999973166
left_hand,51455,0.10537679999970351
left_hand,51455,0.263509399999748
left_hand,51519,0.15156130000013945
left_hand,51583,0.058661900000060996
left_hand,51583,0.20178759999998874
left_hand,51647,0.0934729000000516
left_hand,51647,0.24493260000008377
left_hand,51711,0.13938439999992625
left_hand,51711,0.2895531999997729
left_hand,51775,0.18545309999990423
left_hand,51839,0.07439189999968221
left_hand,51839,0.2305808999999499
left_hand,51903,0.12639450000006036
left_hand,51903,0.2638812999998663
left_hand,51967,0.16946420000022044
left_hand,52031,0.06084019999980228
left_hand,52031,0.21555649999982052
left_hand,52095,0.10773519999975179
left_hand,52095,0.2454545999999027
left_hand,52159,0.15455269999984012
left_hand,52223,0.05035540000017136
left_hand,52223,0.18622560000039812
left_hand,52287,0.09223059999976613
left_hand,52287,0.24473009999974238
left_hand,52351,0.12208370000007562
left_hand,52351,0.2773652000000766
left_hand,52415,0.1827155999999377
left_hand,52479,0.05916400000023714
left_hand,52479,0.21835460000011153
left_hand,52543,0.10882270000001881
left_hand,52543,0.24638279999999213
left_hand,52607,0.153947799999969
left_hand,52671,0.06078690000003917
left_hand,52671,0.19912239999985104
left_hand,52735,0.0964825999999448
left_hand,52735,0.23267549999991388
left_hand,52799,0.1497524000001249
left_hand,52863,0.044360600000345585
left_hand,52863,0.18318799999997282
left_hand,52927,0.07473899999968125
left_hand,52927,0.22755849999975908
left_hand,52991,0.12075740000000224
left_hand,52991,0.27751889999990453
left_hand,53055,0.16779619999988427
left_hand,53119,0.058620999999675405
left_hand,53119,0.21095019999984288
left_hand,53183,0.10488789999999426
left_hand,53183,0.2460721000002195
left_hand,53247,0.15401119999978619
left_hand,53247,0.2927919999997357
left_hand,53311,0.18420599999990372
left_hand,53375,0.09876459999986764
left_hand,53375,0.23089129999971192
left_hand,53439,0.12202389999993102
left_hand,53439,0.28924189999997907
left_hand,53503,0.16827009999997244
left_hand,53567,0.07432710000011866
left_hand,53567,0.2197744000000057
right_hand,53631,0.1104259999997339
right_hand,53631,0.2636523999999554
right_hand,53695,0.15368859999989581
right_hand,53759,0.05859999999984211
right_hand,53759,0.19825099999980011
right_hand,53823,0.09216010000000097
right_hand,53823,0.23079379999990124
right_hand,53887,0.13819670000020778
right_hand,53887,0.29182650000029753
right_hand,53951,0.17255160000013348
right_hand,54015,0.07447599999977683
right_hand,54015,0.2159932999998091
right_hand,54079,0.11855280000008861
right_hand,54079,0.27285070000016276
right_hand,54143,0.16890439999997398
right_hand,54207,0.041671599999972386
right_hand,54207,0.19951839999976073
right_hand,54271,0.10961870000028284
right_hand,54271,0.25699600000007194
right_hand,54335,0.14897719999999026
right_hand,54399,0.049184100000275066
right_hand,54399,0.1992608000000473
right_hand,54463,0.07533049999983632
right_hand,54463,0.23353369999995266
right_hand,54527,0.14500219999990804
right_hand,54527,0.28023849999999584
right_hand,54591,0.17050119999976232
right_hand,54655,0.060243500000069616
right_hand,54655,0.214578199999778
right_hand,54719,0.10566749999998137
right_hand,54719,0.24709249999978056
right_hand,54783,0.15390800000022864
left_hand,54847,0.06327719999990222
left_hand,54847,0.19618529999979728
left_hand,54911,0.09200259999988702
left_hand,54911,0.2485953000000336
left_hand,54975,0.12181770000006509
left_hand,54975,0.2814862999998695
left_hand,55039,0.16883169999982783
left_hand,55103,0.07755279999992126
left_hand,55103,0.23794459999999162
left_hand,55167,0.12010360000022047
left_hand,55167,0.26117710000016814
left_hand,55231,0.17301510000015696
left_hand,55295,0.04454329999998663
left_hand,55295,0.20143090000010488
left_hand,55359,0.10580849999996644
left_hand,55359,0.24495389999992767
right_hand,55423,0.13683850000006714
left_hand,55487,0.043488799999977346
left_hand,55487,0.18425600000000486
left_hand,55551,0.07639349999999467
left_hand,55551,0.21101709999993545
left_hand,55615,0.1210561000002599
left_hand,55615,0.2779179000003751
right_hand,55679,0.15165179999985412
right_hand,55743,0.061960699999872304
right_hand,55743,0.21046759999990172
right_hand,55807,0.10330699999985882
right_hand,55807,0.2717483000001266
right_hand,55871,0.15342009999994843
left_hand,55935,0.04892489999974714
left_hand,55935,0.19584480000003168
left_hand,55999,0.09397890000036568
left_hand,55999,0.25274910000007367
left_hand,56063,0.134206699999595
left_hand,56063,0.2733929999999418
left_hand,56127,0.1704595999999583
left_hand,56191,0.060341500000049564
left_hand,56191,0.2156540999999379
left_hand,56255,0.12071800000012445
left_hand,56255,0.2646214000001237
left_hand,56319,0.15156059999981153
left_hand,56383,0.057028600000194274
left_hand,56383,0.19669169999997393
left_hand,56447,0.09235220000027766
left_hand,56447,0.23623940000015864
left_hand,56511,0.13696290000007139
left_hand,56575,0.04632939999964947
left_hand,56575,0.1889618000000155
left_hand,56639,0.07329600000002756
left_hand,56639,0.2307149000002937
left_hand,56703,0.12092440000014903
left_hand,56703,0.27982410000004165
left_hand,56767,0.1653848000000835
left_hand,56831,0.059113000000252214
left_hand,56831,0.21544290000019828
left_hand,56895,0.10844589999987875
left_hand,56895,0.2452806999999666
left_hand,56959,0.15092969999977868
left_hand,57023,0.04216820000010557
left_hand,57023,0.18460670000013124
left_hand,57087,0.08923439999989569
left_hand,57087,0.25075139999989915
right_hand,57151,0.13833539999995992
right_hand,57151,0.28659190000007584
right_hand,57215,0.18116020000024946
right_hand,57279,0.06185700000014549
right_hand,57279,0.21488810000028025
right_hand,57343,0.13082219999978406
right_hand,57343,0.26552240000000893
right_hand,57407,0.15095490000021528
right_hand,57471,0.06411900000011883
right_hand,57471,0.2025681000000077
right_hand,57535,0.0891102000000501
right_hand,57535,0.2439914999999928
right_hand,57599,0.13575089999994816
right_hand,57599,0.27869779999991806
right_hand,57663,0.18036780000011277
right_hand,57727,0.07384670000010374
right_hand,57727,0.22961010000017268
right_hand,57791,0.11999439999999595
right_hand,57791,0.26318670000000566
right_hand,57855,0.16716050000013638
right_hand,57919,0.047772400000212656
right_hand,57919,0.1961166000000958
right_hand,57983,0.10869009999987611
right_hand,57983,0.26843049999979485
right_hand,58047,0.13703890000033425
right_hand,58111,0.04282969999985653
right_hand,58111,0.22401219999983368
right_hand,58175,0.07556780000004437
right_hand,58175,0.22956550000026255
right_hand,58239,0.12398789999997462
right_hand,58239,0.2794181000003846
right_hand,58303,0.1838553000002321
right_hand,58367,0.06005009999989852
right_hand,58367,0.21793440000010378
right_hand,58431,0.10620440000002418
right_hand,58431,0.26285680000000866
right_hand,58495,0.15082910000000993
right_hand,58559,0.04329300000017611
right_hand,58559,0.19766340000023774
right_hand,58623,0.08935499999961394
right_hand,58623,0.2463314999999966
right_hand,58687,0.13821550000011484
right_hand,58687,0.2797742000002472
right_hand,58751,0.1812049999998635
right_hand,58815,0.07588989999976548
right_hand,58815,0.22937509999974282
right_hand,58879,0.12113980000003721
right_hand,58879,0.27371450000009645
right_hand,58943,0.16812149999987014
left_hand,59007,0.04127299999981915
left_hand,59007,0.19748690000005809
left_hand,59071,0.10564470000008441
left_hand,59071,0.24744120000013936
left_hand,59135,0.13720809999995254
left_hand,59199,0.047335000000202854
left_hand,59199,0.19801219999999375
left_hand,59263,0.08860430000004271
left_hand,59263,0.22792320000007749
left_hand,59327,0.14024190000009185
left_hand,59327,0.279139799999939
left_hand,59391,0.16932330000008733
left_hand,59455,0.07861270000012155
left_hand,59455,0.21767510000017865
left_hand,59519,0.10935429999972257
left_hand,59519,0.26395689999981187
left_hand,59583,0.14596320000009655
left_hand,59647,0.05061419999992722
left_hand,59647,0.21007009999993898
left_hand,59711,0.09228220000022702
left_hand,59711,0.24999519999983022
left_hand,59775,0.12263480000001437
left_hand,59775,0.28062450000015815
left_hand,59839,0.18820460000006278
left_hand,59903,0.05943939999997383
left_hand,59903,0.21598149999999805
left_hand,59967,0.12341120000019146
left_hand,59967,0.2634877000000415
left_hand,60031,0.16780679999965287
left_hand,60095,0.045582199999898876
left_hand,60095,0.20298809999985679
right_hand,60159,0.10612639999999374
right_hand,60159,0.24512359999971522
left_hand,60223,0.1375530999998773
left_hand,60223,0.2797011000002385
left_hand,60287,0.1816140999999334
left_hand,60351,0.08798879999994824
left_hand,60351,0.2320039999999608
left_hand,60415,0.11905690000003233
left_hand,60415,0.2580361999998786
left_hand,60479,0.16610440000022209
left_hand,60543,0.05526460000010047
left_hand,60543,0.2154869000000872
left_hand,60607,0.10111840000035954
left_hand,60607,0.25822210000023915
left_hand,60671,0.14939419999973325
left_hand,60735,0.039895200000046316
left_hand,60735,0.19440809999969133
left_hand,60799,0.07506569999986823
left_hand,60799,0.2844092999998793
left_hand,60863,0.1352658999999221
left_hand,60863,0.2766935999998168
left_hand,60927,0.16834639999979117
left_hand,60991,0.07651720000012574
left_hand,60991,0.23090190000039001
left_hand,61055,0.11079769999969358
left_hand,61055,0.26105299999971976
left_hand,61119,0.1653572999998687
left_hand,61183,0.04294769999978598
left_hand,61183,0.20079489999989164
left_hand,61247,0.09017949999997654
left_hand,61247,0.2469914000002973
left_hand,61311,0.15299659999982396
left_hand,61311,0.29290309999987585
left_hand,61375,0.1831686999998965
left_hand,61439,0.07327070000019376
left_hand,61439,0.23404970000001413
left_hand,61503,0.10681699999986449
left_hand,61503,0.26079289999961475
left_hand,61567,0.1689765000000989
left_hand,61631,0.05810320000000502
left_hand,61631,0.21760749999975815
left_hand,61695,0.09015910000016447
left_hand,61695,0.246430700000019
left_hand,61759,0.1636889000001247
left_hand,61823,0.059766400000171416
left_hand,61823,0.19751110000015615
right_hand,61887,0.10075070000038977
right_hand,61887,0.23550079999995432
right_hand,61951,0.1468076999999539
right_hand,61951,0.2855214999999589
right_hand,62015,0.16989289999992252
right_hand,62079,0.07897550000006959
right_hand,62079,0.23048999999991793
right_hand,62143,0.11037009999972724
right_hand,62143,0.26148209999973915
right_hand,62207,0.16226629999982833
left_hand,62271,0.05988209999986793
left_hand,62271,0.20441890000029161
right_hand,62335,0.0956292000000758
right_hand,62335,0.2466856999999436
right_hand,62399,0.14407419999997728
right_hand,62399,0.3001052999998137
right_hand,62463,0.18314869999994698
right_hand,62527,0.08019860000013068
right_hand,62527,0.23470559999987017
right_hand,62591,0.12583889999996245
right_hand,62591,0.2709328999999343
left_hand,62655,0.1690974999996797
left_hand,62719,0.04225479999968229
left_hand,62719,0.20008259999985967
left_hand,62783,0.10651839999991353
left_hand,62783,0.24182710000013685
left_hand,62847,0.1511558999995941
left_hand,62911,0.0425043000000187
left_hand,62911,0.19708700000001045
left_hand,62975,0.07467140000017025
left_hand,62975,0.22951170000033017
left_hand,63039,0.12244539999983317
left_hand,63039,0.2757489999999052
left_hand,63103,0.16835560000026817
left_hand,63167,0.07708469999988665
left_hand,63167,0.21802190000016708
left_hand,63231,0.1293018999999731
left_hand,63231,0.260683599999993
left_hand,63295,0.17285469999978886
left_hand,63359,0.06050580000010086
left_hand,63359,0.1977176000000327
left_hand,63423,0.09559119999994437
left_hand,63423,0.256831499999862
left_hand,63487,0.14829629999985627
left_hand,63487,0.29780810000011115
left_hand,63551,0.17108680000001186
left_hand,63615,0.08777469999995446
left_hand,63615,0.23490529999980936
left_hand,63679,0.1042913999999655
left_hand,63679,0.26474099999995815
left_hand,63743,0.1522200999997949
left_hand,63807,0.058733200000006036
left_hand,63807,0.2148151000001235
right_hand,63871,0.0871578999999656
right_hand,63871,0.24192329999959838
right_hand,63935,0.15407890000005864
right_hand,63935,0.2927545000002283
right_hand,63999,0.18148340000016105
right_hand,64063,0.07230540000000474
right_hand,64063,0.2246541999998044
right_hand,64127,0.118107400000099
right_hand,64127,0.2643244999999297
left_hand,64191,0.16348379999999452
right_hand,64255,0.06354000000010274
right_hand,64255,0.20849779999980456
right_hand,64319,0.10059420000015962
right_hand,64319,0.24843839999994088
left_hand,64383,0.14851039999985005
left_hand,64447,0.041747599999780505
left_hand,64447,0.20175399999970978
right_hand,64511,0.08643089999986842
right_hand,64511,0.24289869999984148
right_hand,64575,0.1355759000002763
right_hand,64575,0.29289690000041446
right_hand,64639,0.16678419999971084
right_hand,64703,0.07273329999998168
right_hand,64703,0.22475280000026032
right_hand,64767,0.10431810000000041
right_hand,64767,0.26494159999992917
left_hand,64831,0.17070039999998698
left_hand,64895,0.04636579999987589
left_hand,64895,0.20274479999989126
right_hand,64959,0.10547850000011749
right_hand,64959,0.25406680000014603
right_hand,65023,0.14123119999976552
right_hand,65023,0.29827720000002955
right_hand,65087,0.18640310000000682
left_hand,65151,0.0803038999997625
left_hand,65151,0.23833120000017516
left_hand,65215,0.12530459999970844
left_hand,65215,0.31688839999969787
left_hand,65279,0.17401010000003225
left_hand,65343,0.0652674000002662
left_hand,65343,0.22189660000003641
left_hand,65407,0.10534409999991112
left_hand,65407,0.25521619999972245
left_hand,65471,0.14264659999980722
left_hand,65535,0.04621270000006916
left_hand,65535,0.19516190000013012
left_hand,65599,0.0940323999998327
left_hand,65599,0.23559949999980745
left_hand,65663,0.13968599999998332
left_hand,65663,0.2945556999998189
left_hand,65727,0.17453759999989416
left_hand,65791,0.07762289999982386
left_hand,65791,0.21725179999975808
left_hand,65855,0.11322389999986626
left_hand,65855,0.2684524999999667
left_hand,65919,0.1582499999999527
left_hand,65983,0.062343199999759236
left_hand,65983,0.20855699999992794
left_hand,66047,0.09665940000013507
left_hand,66047,0.2503043000001526
left_hand,66111,0.14329879999968398
left_hand,66175,0.04624999999987267
left_hand,66175,0.19749030000002676
left_hand,66239,0.07700730000033218
left_hand,66239,0.23130130000026838
left_hand,66303,0.1283200999996552
left_hand,66303,0.27932649999956993
left_hand,66367,0.17040799999995215
left_hand,66431,0.06397420000030252
left_hand,66431,0.22863439999991897
left_hand,66495,0.11521609999999782
left_hand,66495,0.26729789999990317
left_hand,66559,0.14011870000013005
left_hand,66623,0.048935700000129145
left_hand,66623,0.1932718000002751
left_hand,66687,0.09264089999987846
left_hand,66687,0.2564914999998109
left_hand,66751,0.12438679999968372
left_hand,66751,0.28104679999978543
left_hand,66815,0.17157739999993282
left_hand,66879,0.06502780000027997
left_hand,66879,0.21827910000001793
left_hand,66943,0.11530620000030467
left_hand,66943,0.26443190000009054
left_hand,67007,0.15759699999989607
left_hand,67071,0.04880819999971209
left_hand,67071,0.20199679999996079
left_hand,67135,0.09477910000032352
left_hand,67135,0.2501169000001937
left_hand,67199,0.141671999999744
left_hand,67263,0.04646989999992002
left_hand,67263,0.18897319999996398
left_hand,67327,0.07943980000027295
left_hand,67327,0.2337203000001864
left_hand,67391,0.11523299999998926
left_hand,67391,0.2669695999998112
left_hand,67455,0.17116710000027524
left_hand,67519,0.06197090000023309
left_hand,67519,0.21714330000031623
left_hand,67583,0.09228799999982584
left_hand,67583,0.25284419999979946
left_hand,67647,0.15442059999986668
left_hand,67647,0.30157009999993534
left_hand,67711,0.1923796000000948
left_hand,67775,0.07976340000004711
left_hand,67775,0.2348336999998537
left_hand,67839,0.14073409999991782
left_hand,67839,0.2790893999999753
left_hand,67903,0.17129849999992075
left_hand,67967,0.08109030000014172
left_hand,67967,0.22443410000005315
left_hand,68031,0.11508189999995011
left_hand,68031,0.24956550000024436
left_hand,68095,0.15801180000016757
left_hand,68159,0.06393419999994876
left_hand,68159,0.2065479000002597
left_hand,68223,0.09661319999986517
left_hand,68223,0.23576469999989058
left_hand,68287,0.13953209999999672
left_hand,68287,0.2806127999997443
left_hand,68351,0.18546520000018063
left_hand,68415,0.07635510000000068
left_hand,68415,0.22468250000019907
left_hand,68479,0.12376779999976861
left_hand,68479,0.27969020000000455
left_hand,68543,0.15895850000015344
left_hand,68607,0.061555800000405725
left_hand,68607,0.20536760000004506
left_hand,68671,0.1090172999997776
left_hand,68671,0.2732220999996571
left_hand,68735,0.14848150000034366
left_hand,68799,0.04563210000014806
left_hand,68799,0.1890238999999383
left_hand,68863,0.09570469999971465
left_hand,68863,0.23803640000005544
left_hand,68927,0.12562729999990552
left_hand,68927,0.26685779999979786
left_hand,68991,0.17055150000032882
left_hand,69055,0.06935789999988629
left_hand,69055,0.21817700000019613
left_hand,69119,0.10945230000015727
left_hand,69119,0.2514909000001353
left_hand,69183,0.15771760000006907
left_hand,69247,0.04571970000006331
left_hand,69247,0.20339079999985188
left_hand,69311,0.08434059999990495
left_hand,69311,0.2384342000000288
left_hand,69375,0.1228820999999698
left_hand,69375,0.2790698000003431
left_hand,69439,0.18901180000011664
left_hand,69503,0.06570109999984197
left_hand,69503,0.21391289999974106
left_hand,69567,0.1249401999998554
left_hand,69567,0.2815451999999823
left_hand,69631,0.16225600000007034
left_hand,69695,0.061554899999919144
left_hand,69695,0.20286340000029668
left_hand,69759,0.09240910000016811
left_hand,69759,0.2501815999999053
left_hand,69823,0.14092230000005657
left_hand,69887,0.04817850000017643
left_hand,69887,0.18656160000000455
left_hand,69951,0.07815510000000359
left_hand,69951,0.22011550000024727
left_hand,70015,0.12549230000013267
left_hand,70015,0.28186120000009396
right_hand,70079,0.17348480000009658
right_hand,70143,0.06215090000023338
right_hand,70143,0.21328390000007857
right_hand,70207,0.10914339999999356
right_hand,70207,0.2590648999998848
left_hand,70271,0.15546360000007553
left_hand,70271,0.30017659999975876
left_hand,70335,0.18553780000002007
left_hand,70399,0.0956767999996373
left_hand,70399,0.24135339999975258
right_hand,70463,0.13915059999999357
right_hand,70463,0.2893178999997872
right_hand,70527,0.17262110000001485
right_hand,70591,0.07823180000013963
right_hand,70591,0.21581549999973504
right_hand,70655,0.11011820000021544
right_hand,70655,0.27436210000041683
right_hand,70719,0.1589232000001175
right_hand,70783,0.060822299999927054
right_hand,70783,0.20296849999976985
right_hand,70847,0.09376209999982166
right_hand,70847,0.24682739999980186
right_hand,70911,0.13900200000034602
right_hand,70975,0.04854579999982889
right_hand,70975,0.19564589999981763
right_hand,71039,0.07932149999987814
right_hand,71039,0.2208983000000444
right_hand,71103,0.12578280000025188
right_hand,71103,0.2732309000002715
right_hand,71167,0.16981669999995574
right_hand,71231,0.061863699999776145
right_hand,71231,0.2039921000000504
right_hand,71295,0.10890490000019781
right_hand,71295,0.24976710000009916
right_hand,71359,0.15583969999988767
right_hand,71423,0.04587260000016613
right_hand,71423,0.18897060000017518
left_hand,71487,0.09207629999991696
left_hand,71487,0.24969099999998434
left_hand,71551,0.12573159999965355
left_hand,71551,0.2815146999996614
left_hand,71615,0.1855242999999973
left_hand,71679,0.06327830000009271
left_hand,71679,0.21889610000016546
left_hand,71743,0.1241251999999804
left_hand,71743,0.2632555999998658
left_hand,71807,0.15367520000017976
left_hand,71871,0.06337980000034804
left_hand,71871,0.20634710000013
left_hand,71935,0.09451300000000629
left_hand,71935,0.2374813000001268
left_hand,71999,0.14001599999983227
left_hand,71999,0.28803319999997257
left_hand,72063,0.1911229999996067
left_hand,72127,0.07849759999999151
left_hand,72127,0.23704159999988406
left_hand,72191,0.11466759999984788
left_hand,72191,0.2631530999997267
left_hand,72255,0.17273730000033538
left_hand,72319,0.06087780000007115
left_hand,72319,0.22014839999974356
left_hand,72383,0.09642170000006445
left_hand,72383,0.24091690000022936
left_hand,72447,0.14072150000038164
left_hand,72511,0.05839390000028288
left_hand,72511,0.1906850000000304
left_hand,72575,0.10335059999988516
left_hand,72575,0.24719389999972918
left_hand,72639,0.14917319999995016
left_hand,72639,0.29719230000000607
left_hand,72703,0.17536670000026788
left_hand,72767,0.06798650000018824
left_hand,72767,0.22157730000026277
left_hand,72831,0.11330969999971785
left_hand,72831,0.3453519999998207
left_hand,72895,0.15317499999991924
left_hand,72959,0.058286100000259466
left_hand,72959,0.19675619999998162
right_hand,73023,0.09125889999995707
right_hand,73023,0.24719409999988784
right_hand,73087,0.12646110000014232
right_hand,73087,0.2787509999998292
right_hand,73151,0.18458200000031866
right_hand,73215,0.07678729999997813
right_hand,73215,0.23419719999992594
left_hand,73279,0.1209446000002572
left_hand,73279,0.26099640000029467
left_hand,73343,0.17219350000004852
left_hand,73407,0.04510889999983192
left_hand,73407,0.20164549999981318
left_hand,73471,0.10858570000027612
left_hand,73471,0.24743460000036066
left_hand,73535,0.15624679999973523
left_hand,73535,0.29494309999972756
left_hand,73599,0.1840780000002269
left_hand,73663,0.09015790000012203
left_hand,73663,0.22992329999988215
left_hand,73727,0.12017289999994318
left_hand,73727,0.2652381000002606
left_hand,73791,0.16980319999993299
left_hand,73855,0.08411459999979343
left_hand,73855,0.2164172999996481
left_hand,73919,0.11042640000005122
left_hand,73919,0.2501825000003919
left_hand,73983,0.1543495000000803
left_hand,74047,0.043180799999845476
left_hand,74047,0.1854935999999725
left_hand,74111,0.09563870000010866
left_hand,74111,0.23536490000014965
left_hand,74175,0.13991939999959868
left_hand,74175,0.3001626000000215
left_hand,74239,0.17562749999979133
left_hand,74303,0.07407969999985653
left_hand,74303,0.2280602999999246
left_hand,74367,0.10773470000003726
left_hand,74367,0.2700795000000653
left_hand,74431,0.15615159999970274
left_hand,74495,0.059393399999862595
left_hand,74495,0.2128898000000845
left_hand,74559,0.091922600000089
left_hand,74559,0.24278050000020812
left_hand,74623,0.15067809999982273
left_hand,74623,0.29566990000012083
left_hand,74687,0.18479290000004767
left_hand,74751,0.08028549999971801
left_hand,74751,0.23300190000009025
left_hand,74815,0.12599920000002385
left_hand,74815,0.27940880000005563
left_hand,74879,0.16542210000034174
left_hand,74943,0.06296830000019327
left_hand,74943,0.21492720000014742
left_hand,75007,0.1064433999999892
left_hand,75007,0.2502215000004071
left_hand,75071,0.1574040000000423
left_hand,75135,0.042151400000420836
left_hand,75135,0.18618220000007568
left_hand,75199,0.09503989999984697
left_hand,75199,0.2315747999996347
left_hand,75263,0.1229814999996961
left_hand,75263,0.2862281999996412
left_hand,75327,0.1702274000003854
left_hand,75391,0.07907489999979589
left_hand,75391,0.21812150000005204
left_hand,75455,0.11028360000000248
left_hand,75455,0.26450930000009976
left_hand,75519,0.15330360000007204
left_hand,75583,0.05064600000014252
left_hand,75583,0.18734870000025694
left_hand,75647,0.09334999999964566
left_hand,75647,0.24571549999973286
left_hand,75711,0.14266920000000027
left_hand,75775,0.04458389999990686
left_hand,75775,0.18881519999968077
left_hand,75839,0.07796680000001288
left_hand,75839,0.23106700000016644
left_hand,75903,0.12452840000014476
left_hand,75903,0.28118110000013985
left_hand,75967,0.15598929999987377
left_hand,76031,0.061722500000087166
left_hand,76031,0.20103730000028008
left_hand,76095,0.10847450000028402
left_hand,76095,0.2657516000003852
left_hand,76159,0.13845719999972061
left_hand,76223,0.048547100000178034
left_hand,76223,0.20257260000016686
left_hand,76287,0.07911109999986365
left_hand,76287,0.23227099999985512
left_hand,76351,0.14124979999996867
left_hand,76351,0.2834837999998854
left_hand,76415,0.17267209999999977
left_hand,76479,0.059746699999777775
left_hand,76479,0.21187779999991108
left_hand,76543,0.12066959999992832
left_hand,76543,0.2797267999999349
left_hand,76607,0.15615939999997863
left_hand,76671,0.058318100000178674
left_hand,76671,0.20507110000016837
left_hand,76735,0.09757649999983187
left_hand,76735,0.24424749999980122
left_hand,76799,0.14158569999972315
left_hand,76799,0.29702180000003864
left_hand,76863,0.1840220999997655
left_hand,76927,0.0792529000000286
left_hand,76927,0.2314608000001499
left_hand,76991,0.12310329999991154
left_hand,76991,0.26073779999978797
left_hand,77055,0.1717078000001493
left_hand,77119,0.04516199999989112
left_hand,77119,0.20621409999967
left_hand,77183,0.10642660000030446
left_hand,77183,0.2478051000002779
left_hand,77247,0.15651959999968312
left_hand,77311,0.04407839999976204
left_hand,77311,0.19004549999999654
right_hand,77375,0.0902037000000746
right_hand,77375,0.23030550000021321
right_hand,77439,0.1221571999999469
right_hand,77439,0.2802168999996866
right_hand,77503,0.17396370000005845
right_hand,77567,0.07542109999985769
right_hand,77567,0.2161825999996836
right_hand,77631,0.11132659999975658
right_hand,77631,0.25164600000016435
right_hand,77695,0.15828509999982998
right_hand,77759,0.06545499999992899
right_hand,77759,0.1989411999998083
right_hand,77823,0.09090239999977712
right_hand,77823,0.2313125000000582
right_hand,77887,0.13980510000010327
right_hand,77887,0.2947706999998445
right_hand,77951,0.17346550000002026
right_hand,78015,0.07371929999999338
right_hand,78015,0.233448600000429
right_hand,78079,0.12550869999995484
right_hand,78079,0.26492610000013883
left_hand,78143,0.17055500000014945
left_hand,78207,0.0601424000001316
left_hand,78207,0.22232149999990725
left_hand,78271,0.09282359999997425
left_hand,78271,0.2526035000000775
left_hand,78335,0.1493808000000172
left_hand,78335,0.2945499000002201
left_hand,78399,0.18309839999983524
left_hand,78463,0.08945900000026086
left_hand,78463,0.2336729000003288
left_hand,78527,0.12531769999986864
left_hand,78527,0.28730019999966316
left_hand,78591,0.1701680999999553
left_hand,78655,0.06111540000028981
left_hand,78655,0.212171600000147
left_hand,78719,0.10826589999987846
left_hand,78719,0.26479079999990063
left_hand,78783,0.1570342999998502
left_hand,78847,0.043076099999780126
left_hand,78847,0.1893286999998054
left_hand,78911,0.09044790000007197
left_hand,78911,0.23584529999970982
left_hand,78975,0.13593300000002273
left_hand,78975,0.2946624000001066
left_hand,79039,0.1705109999998058
left_hand,79103,0.07928549999996903
left_hand,79103,0.21643659999972442
left_hand,79167,0.1262707999999293
left_hand,79167,0.26779179999994085
left_hand,79231,0.15277019999984986
left_hand,79295,0.06411919999982274
left_hand,79295,0.20272109999996246
left_hand,79359,0.1081427000003714
left_hand,79359,0.2487460000002102
left_hand,79423,0.13613979999990988
left_hand,79487,0.04663479999999254
left_hand,79487,0.1917340999998487
left_hand,79551,0.09383939999997892
left_hand,79551,0.24593750000030923
left_hand,79615,0.12389440000015384
left_hand,79615,0.28321390000019164
left_hand,79679,0.17343029999983628
left_hand,79743,0.060510299999805284
left_hand,79743,0.21374379999997473
left_hand,79807,0.10400160000017422
left_hand,79807,0.24649970000018584
left_hand,79871,0.15284920000021884
left_hand,79935,0.04833340000004682
left_hand,79935,0.20186400000011417
left_hand,79999,0.07686560000001919
left_hand,79999,0.22913119999975606
left_hand,80063,0.13574440000002141
left_hand,80063,0.29415419999986625
left_hand,80127,0.17327530000011393
left_hand,80191,0.07995089999985794
left_hand,80191,0.2176500999999007
left_hand,80255,0.10620790000029956
left_hand,80255,0.26298680000036256
left_hand,80319,0.15522240000018428
left_hand,80383,0.06392249999998967
left_hand,80383,0.20464940000010756
left_hand,80447,0.0973930999998629
left_hand,80447,0.2519646999999168
left_hand,80511,0.14055269999971642
left_hand,80511,0.29299670000000333
left_hand,80575,0.182544599999801
left_hand,80639,0.0763569999999163
left_hand,80639,0.21971379999968121
left_hand,80703,0.12298650000002453
left_hand,80703,0.2630334000000403
left_hand,80767,0.1722936999999547
left_hand,80831,0.05859359999976732
left_hand,80831,0.1999916999998277
left_hand,80895,0.1090673999997307
left_hand,80895,0.2639694999998028
left_hand,80959,0.1424974999999904
left_hand,81023,0.04379990000006728
left_hand,81023,0.18927720000010595
left_hand,81087,0.09703960000024381
left_hand,81087,0.2350295000001097
left_hand,81151,0.13795299999992494
left_hand,81151,0.2856525000001966
left_hand,81215,0.17075870000007853
left_hand,81279,0.06293090000008306
left_hand,81279,0.22161469999991823
left_hand,81343,0.12355469999965862
left_hand,81343,0.2626845999998295
left_hand,81407,0.15700650000007954
left_hand,81471,0.0494154999996681
left_hand,81471,0.20063409999966098
left_hand,81535,0.10762139999997089
left_hand,81535,0.2475907000002735
left_hand,81599,0.14201339999999618
left_hand,81599,0.2826964999999291
left_hand,81663,0.18478760000016337
left_hand,81727,0.07524499999999534
left_hand,81727,0.23306730000012976
left_hand,81791,0.12649169999986043
left_hand,81791,0.28063320000001113
left_hand,81855,0.15759829999979047
left_hand,81919,0.06171229999972638
left_hand,81919,0.21589099999982864
left_hand,81983,0.09090929999956643
left_hand,81983,0.2445930999997472
left_hand,82047,0.15479310000000623
left_hand,82047,0.2938939999999093
left_hand,82111,0.1888546000000133
left_hand,82175,0.09086449999995239
left_hand,82175,0.23396730000013122
left_hand,82239,0.139865699999973
left_hand,82239,0.27862740000000485
left_hand,82303,0.17073759999993854
left_hand,82367,0.07366180000008171
left_hand,82367,0.22064330000011978
left_hand,82431,0.10745859999997265
left_hand,82431,0.26673600000003717
left_hand,82495,0.16267190000007758
left_hand,82559,0.06170530000008512
left_hand,82559,0.20228159999987838
left_hand,82623,0.09164030000010825
left_hand,82623,0.23876570000038555
left_hand,82687,0.13793910000003962
left_hand,82687,0.28518039999971734
left_hand,82751,0.1894374999997126
left_hand,82815,0.07209929999999076
left_hand,82815,0.23102960000005623
left_hand,82879,0.12518720000025496
left_hand,82879,0.2695931000002929
left_hand,82943,0.15674189999981536
left_hand,83007,0.05886419999978898
left_hand,83007,0.22082890000001498
left_hand,83071,0.09246600000005856
left_hand,83071,0.25191080000013244
left_hand,83135,0.14530180000019755
left_hand,83199,0.047864600000139035
left_hand,83199,0.18532550000008996
left_hand,83263,0.09278450000010707
left_hand,83263,0.23829479999994874
left_hand,83327,0.12375240000028498
left_hand,83327,0.26351130000011835
left_hand,83391,0.17204940000010538
left_hand,83455,0.0642241999998987
left_hand,83455,0.21732849999989412
right_hand,83519,0.12303120000024137
right_hand,83519,0.26350490000004356
left_hand,83583,0.1538630000000012
right_hand,83647,0.045991699999831326
right_hand,83647,0.19757279999976163
right_hand,83711,0.0988124999998945
right_hand,83711,0.23505939999995462
right_hand,83775,0.1378143000001728
right_hand,83775,0.28066900000021633
right_hand,83839,0.1870770000000448
right_hand,83903,0.07423609999977998
right_hand,83903,0.21819419999974343
right_hand,83967,0.12242799999967247
right_hand,83967,0.276619099999607
right_hand,84031,0.16597580000006928
right_hand,84095,0.04520550000006551
right_hand,84095,0.19885310000017853
right_hand,84159,0.11082329999999274
right_hand,84159,0.24901009999985035
right_hand,84223,0.14072639999994863
right_hand,84223,0.28624279999985447
right_hand,84287,0.18750450000015917
left_hand,84351,0.0760574999999335
left_hand,84351,0.23543189999963943
left_hand,84415,0.13765560000001642
left_hand,84415,0.2785310999997819
left_hand,84479,0.16658409999990909
left_hand,84543,0.05929119999973409
left_hand,84543,0.21988499999997657
left_hand,84607,0.09237010000015289
left_hand,84607,0.25086000000010245
left_hand,84671,0.1533567999999832
left_hand,84735,0.04817230000026029
left_hand,84735,0.20185920000039914
left_hand,84799,0.0790367999998125
left_hand,84799,0.23661649999985457
left_hand,84863,0.1398592999998982
left_hand,84863,0.27797640000017054
left_hand,84927,0.17467589999978372
left_hand,84991,0.07965990000002421
left_hand,84991,0.21798390000003565
left_hand,85055,0.125483499999973
left_hand,85055,0.2697064999997565
left_hand,85119,0.15413059999991674
left_hand,85183,0.06308809999973164
left_hand,85183,0.21745979999968768
left_hand,85247,0.09168200000021898
left_hand,85247,0.2527036000001317
left_hand,85311,0.13884280000002036
left_hand,85311,0.29189580000002024
left_hand,85375,0.18380299999989802
left_hand,85439,0.09071829999993497
left_hand,85439,0.23013170000012906
left_hand,85503,0.12361600000031103
left_hand,85503,0.27851520000012897
left_hand,85567,0.1697014000001218
left_hand,85631,0.05969499999991967
left_hand,85631,0.2203148999997211
right_hand,85695,0.09604609999996683
right_hand,85695,0.2467703999996047
right_hand,85759,0.15170519999992393
right_hand,85759,0.2889453000002504
left_hand,85823,0.1812033999999585
left_hand,85887,0.09161799999992581
left_hand,85887,0.2506546999998136
left_hand,85951,0.1344361999999819
left_hand,85951,0.2861791999998786
left_hand,86015,0.18939579999960188
left_hand,86079,0.06461239999998725
left_hand,86079,0.21496809999962352
left_hand,86143,0.10820439999997689
left_hand,86143,0.2536731999998665
left_hand,86207,0.15322670000023209
left_hand,86271,0.04527439999992566
left_hand,86271,0.20406820000016523
left_hand,86335,0.1051182000001063
left_hand,86335,0.2501641999997446
left_hand,86399,0.13804290000007313
left_hand,86399,0.28345279999984996
left_hand,86463,0.18938939999998183
left_hand,86527,0.07903600000008737
left_hand,86527,0.2349076000000423
left_hand,86591,0.11203369999975621
left_hand,86591,0.2655243999997765
left_hand,86655,0.17382869999983086
left_hand,86719,0.06075890000010986
left_hand,86719,0.22075740000036603
left_hand,86783,0.09292809999988094
left_hand,86783,0.2552672000001621
left_hand,86847,0.1535023999999794
left_hand,86847,0.2935082000003604
left_hand,86911,0.18946619999996983
left_hand,86975,0.09152739999990445
left_hand,86975,0.23014980000016294
left_hand,87039,0.13050780000003215
left_hand,87039,0.26478270000006887
left_hand,87103,0.1701799999996183
left_hand,87167,0.07876870000018243
left_hand,87167,0.221309100000326
left_hand,87231,0.10307620000003226
left_hand,87231,0.25758340000038515
right_hand,87295,0.1400434999995923
right_hand,87359,0.050302100000408245
right_hand,87359,0.19809110000005603
right_hand,87423,0.09124470000006113
right_hand,87423,0.2424290000003566
right_hand,87487,0.14203020000013566
right_hand,87487,0.2851570000002539
right_hand,87551,0.18450949999987643
right_hand,87615,0.07256629999983488
right_hand,87615,0.21782379999967816
right_hand,87679,0.12050439999984519
right_hand,87679,0.27438059999985853
right_hand,87743,0.16719199999988632
right_hand,87807,0.061762499999986176
right_hand,87807,0.21535540000013498
right_hand,87871,0.08885419999978694
right_hand,87871,0.24956320000001142
right_hand,87935,0.15622780000012426
right_hand,87935,0.29332149999981993
right_hand,87999,0.18378460000030827
right_hand,88063,0.09342590000005657
right_hand,88063,0.24378340000021126
right_hand,88127,0.1368398999998135
right_hand,88127,0.282394899999872
right_hand,88191,0.1703082999997605
right_hand,88255,0.07816659999980402
right_hand,88255,0.2191358999998556
right_hand,88319,0.10758320000013555
right_hand,88319,0.2512080000001333
right_hand,88383,0.15445619999991322
right_hand,88447,0.04387899999983347
right_hand,88447,0.20287009999992733
right_hand,88511,0.09071629999971265
right_hand,88511,0.23792009999988295
right_hand,88575,0.13802420000001803
right_hand,88575,0.2937971999999718
right_hand,88639,0.1729537999999593
right_hand,88703,0.0751021999999466
right_hand,88703,0.22628230000009353
right_hand,88767,0.11372399999982008
right_hand,88767,0.26640439999982846
left_hand,88831,0.15712349999967046
left_hand,88895,0.044826499999999214
left_hand,88895,0.2049368000002687
left_hand,88959,0.1084952000001067
left_hand,88959,0.25009540000019115
left_hand,89023,0.1591209000002891
left_hand,89023,0.2965472000000773
left_hand,89087,0.18314009999994596
left_hand,89151,0.08945289999974193
left_hand,89151,0.22928929999989123
left_hand,89215,0.11953830000038579
left_hand,89215,0.27774090000002616
left_hand,89279,0.17450519999965763
left_hand,89343,0.06227930000022752
left_hand,89343,0.2159561000003123
left_hand,89407,0.09282690000009097
left_hand,89407,0.2544803000000684
left_hand,89471,0.15536470000006375
left_hand,89535,0.04591930000015054
left_hand,89535,0.20324570000002495
left_hand,89599,0.09335439999995288
left_hand,89599,0.24194820000002437
left_hand,89663,0.11936680000007982
left_hand,89663,0.2842080000000351
left_hand,89727,0.16967990000011923
left_hand,89791,0.0781475999997383
left_hand,89791,0.23474569999962114
right_hand,89855,0.10851499999989755
right_hand,89855,0.26207149999981993
right_hand,89919,0.15644419999989623
right_hand,89983,0.06095400000003792
right_hand,89983,0.19954569999981686
right_hand,90047,0.09278320000021267
right_hand,90047,0.23868570000013278
right_hand,90111,0.13971009999977468
right_hand,90111,0.2851981999997406
right_hand,90175,0.1876895999998851
right_hand,90239,0.0771388999996816
right_hand,90239,0.2186400999999023
right_hand,90303,0.12322760000006383
right_hand,90303,0.27098849999993035
